body_0_vel_x,body_0_vel_y,body_0_vel_z
0.004478,0.042435,0.042545
-0.007267,0.023459,0.023329
-0.030756,-0.014494,-0.015103
0.000319,-0.007714,0.016868
0.015857,-0.004325,0.032853
-0.046227,0.068981,0.001534
-0.042477,0.038547,0.006184
-0.034976,-0.022321,0.015483
-0.058856,0.042070,0.019559
-0.070796,0.074266,0.021597
-0.066655,-0.031596,-0.006316
-0.060415,-0.028185,0.009299
-0.047936,-0.021362,0.040528
-0.048966,-0.028280,0.022613
-0.049481,-0.031739,0.013656
0.003183,-0.127576,0.025145
0.001447,-0.083949,0.020486
-0.002024,0.003305,0.011167
0.016315,-0.016687,-0.002883
0.025485,-0.026684,-0.009908
-0.001423,-0.014894,0.055116
0.019565,0.008204,0.054697
0.061541,0.054399,0.053861
0.044942,0.048764,0.014200
0.036643,0.045946,-0.005631
-0.019813,-0.010352,0.038740
-0.019877,-0.016010,0.030207
-0.020006,-0.027325,0.013141
-0.042899,-0.005142,0.043574
-0.054345,0.005950,0.058790
-0.074937,-0.044954,-0.011480
-0.059597,-0.042162,0.010681
-0.028918,-0.036579,0.055001
-0.038011,-0.023418,0.041364
-0.042558,-0.016838,0.034545
-0.024219,-0.022058,0.006507
-0.015581,-0.022156,0.026644
0.001695,-0.022353,0.066919
-0.013397,0.016297,0.009984
-0.020943,0.035622,-0.018484
-0.022388,0.014045,0.044183
-0.010231,0.012587,0.020567
0.014083,0.009670,-0.026667
0.004141,0.029099,0.021018
-0.000830,0.038814,0.044861
0.035999,0.033404,-0.032932
0.044115,0.037716,-0.002511
0.060346,0.046340,0.058331
0.057986,0.042251,0.017245
0.056806,0.040207,-0.003297
0.090144,0.029235,0.070989
0.064855,0.020222,0.046661
0.014277,0.002196,-0.001996
-0.009928,0.002493,-0.004069
-0.022030,0.002641,-0.005105
-0.183463,0.085690,0.010757
-0.160260,0.073030,0.000221
-0.113854,0.047711,-0.020851
-0.132046,0.136242,0.016044
-0.141141,0.180508,0.034491
-0.019326,0.119868,0.004712
-0.032566,0.136795,0.011653
-0.059044,0.170649,0.025535
-0.005085,0.185223,0.005909
0.021894,0.192511,-0.003904
0.048709,0.103773,0.003648
0.047233,0.111493,0.014393
0.044281,0.126931,0.035883
0.025866,0.113519,-0.002069
0.016658,0.106813,-0.021045
0.019870,0.068950,0.041649
0.013719,0.099778,0.019635
0.001416,0.161432,-0.024394
0.010209,0.078737,0.006381
0.014606,0.037389,0.021769
0.023911,0.129137,-0.004245
0.023689,0.107824,0.002013
0.023246,0.065198,0.014530
0.017428,0.113270,0.005124
0.014520,0.137306,0.000420
-0.005765,0.056893,0.025100
-0.012009,0.075437,0.010372
-0.024498,0.112526,-0.019083
0.002596,0.086742,0.027403
0.016143,0.073851,0.050645
-0.048852,0.123996,-0.038227
-0.025325,0.099976,-0.011421
0.021729,0.051936,0.042191
-0.009937,0.087035,-0.008910
-0.025771,0.104585,-0.034461
0.010235,0.072964,0.034520
0.003974,0.072845,0.010812
-0.008547,0.072607,-0.036603
0.018919,0.096749,0.021114
0.032651,0.108820,0.049973
0.001552,0.050997,-0.027130
0.008705,0.058599,-0.001575
0.023010,0.073804,0.049535
0.014498,0.059511,-0.006635
0.010242,0.052364,-0.034720
-0.009921,0.049292,0.047119
-0.020125,0.051294,0.028318
-0.040534,0.055298,-0.009286
-0.040200,0.043948,0.030113
-0.040033,0.038273,0.049812
-0.093656,0.045535,0.003235
-0.065916,0.035907,0.013853
-0.010436,0.016652,0.035090
-0.021908,0.022473,0.051447
-0.027645,0.025383,0.059626
-0.079279,0.001363,-0.004333
-0.055578,0.003671,0.017870
-0.008175,0.008288,0.062276
-0.051401,-0.008974,0.016403
-0.073013,-0.017605,-0.006534
0.027895,0.002409,0.069873
-0.002522,-0.014428,0.041600
-0.063357,-0.048103,-0.014947
0.011039,-0.025125,0.035335
0.048237,-0.013635,0.060477
-0.041077,-0.056771,-0.005205
-0.013502,-0.047576,0.019633
0.041649,-0.029187,0.069308
0.001419,-0.073744,0.034766
-0.018697,-0.096022,0.017495
0.045233,-0.092078,0.075814
0.034287,-0.108358,0.046315
0.012395,-0.140919,-0.012683
0.019977,-0.156564,0.012398
0.023768,-0.164387,0.024939
0.060833,-0.188170,-0.046254
0.054545,-0.197217,-0.053790
0.041971,-0.215310,-0.068863
0.029130,-0.270792,-0.136483
0.022709,-0.298532,-0.170293
0.052814,-0.320162,-0.356585
0.066392,-0.344895,-0.412503
0.093548,-0.394362,-0.524340
0.108988,-0.456925,-0.629872
0.116708,-0.488206,-0.682638
0.315285,-0.570273,-0.905043
0.326743,-0.625459,-0.926223
0.349660,-0.735833,-0.968581
0.339565,-0.690201,-1.008768
0.334518,-0.667385,-1.028861
0.335898,-0.752322,-1.128797
0.284307,-0.760332,-1.133925
0.181124,-0.776352,-1.144180
0.093873,-0.775497,-1.018443
0.050247,-0.775070,-0.955575
-0.125864,-0.654413,-0.895801
-0.120373,-0.609900,-0.811773
-0.109391,-0.520875,-0.643718
-0.001240,-0.457520,-0.486062
0.052836,-0.425842,-0.407234
-0.031292,-0.214035,-0.115247
-0.001264,-0.193725,-0.080523
0.058794,-0.153105,-0.011073
0.033836,-0.119824,0.034338
0.021358,-0.103184,0.057043
0.086868,-0.014590,0.092696
0.075519,-0.026136,0.082322
0.052822,-0.049228,0.061573
0.038617,0.019799,0.066062
0.031514,0.054312,0.068307
0.050161,-0.011140,0.033574
0.046015,0.003969,0.010114
0.037723,0.034188,-0.036807
0.058942,0.027741,0.003309
0.069551,0.024518,0.023367
0.026085,0.027461,-0.037860
0.025477,0.019532,-0.037606
0.024261,0.003672,-0.037099
0.058179,0.017355,0.017180
0.075138,0.024196,0.044319
0.029268,-0.035061,0.037994
0.039220,-0.021452,0.052947
0.059123,0.005767,0.082852
0.037589,-0.075859,0.102718
0.026822,-0.116672,0.112651
0.080795,-0.096151,0.177450
0.069592,-0.125238,0.190563
0.047185,-0.183411,0.216789
0.032895,-0.182087,0.198854
0.025749,-0.181426,0.189886
0.063958,-0.163997,0.231498
0.020680,-0.176245,0.230497
-0.065875,-0.200742,0.228496
0.001717,-0.190814,0.148585
0.035512,-0.185849,0.108629
-0.090058,-0.353725,0.063887
-0.056438,-0.364568,0.017312
0.010800,-0.386253,-0.075839
0.016775,-0.338998,-0.116940
0.019763,-0.315371,-0.137490
-0.015421,-0.199345,-0.173428
-0.041051,-0.150126,-0.191133
-0.092311,-0.051686,-0.226543
-0.080237,-0.063573,-0.119396
-0.074201,-0.069516,-0.065823
-0.043166,-0.030579,-0.064749
-0.021369,-0.015259,-0.055082
0.022223,0.015382,-0.035750
-0.025170,-0.020250,0.016469
-0.048866,-0.038066,0.042579
0.010314,-0.028946,0.029662
-0.006928,-0.029659,0.030133
-0.041413,-0.031085,0.031074
-0.014200,-0.068209,0.008054
-0.000594,-0.086771,-0.003456
-0.049367,-0.090135,0.051498
-0.044487,-0.105992,0.023875
-0.034726,-0.137706,-0.031373
-0.035403,-0.128002,0.042748
-0.035741,-0.123149,0.079808
-0.068429,-0.138311,-0.017080
-0.063357,-0.153346,0.017172
-0.053215,-0.183417,0.085675
-0.112753,-0.178808,0.059783
-0.142522,-0.176504,0.046837
-0.094686,-0.318412,0.225899
-0.153613,-0.327918,0.260990
-0.271468,-0.346929,0.331171
-0.249853,-0.538768,0.514714
-0.239046,-0.634688,0.606485
-0.327709,-0.880664,0.792675
-0.333080,-0.861663,0.833649
-0.343823,-0.823660,0.915597
-0.390468,-0.841395,0.903661
-0.413790,-0.850262,0.897692
-0.225642,-0.765699,0.956835
-0.201893,-0.745940,1.008331
-0.154395,-0.706421,1.111323
-0.140815,-0.613554,1.132844
-0.134025,-0.567121,1.143605
-0.363221,-0.261322,0.679232
-0.378616,-0.367862,0.568717
-0.409405,-0.580941,0.347686
-0.232599,-0.613781,0.259380
-0.144196,-0.630201,0.215228
-0.181146,-0.382047,0.122082
-0.165749,-0.396855,0.112296
-0.134954,-0.426471,0.092724
0.029755,-0.394566,0.083910
0.112109,-0.378613,0.079502
0.251377,-0.271504,0.096978
0.285482,-0.250288,0.097091
0.353694,-0.207857,0.097318
0.344563,-0.263623,0.077111
0.339997,-0.291506,0.067007
0.215929,-0.178735,0.121012
0.229027,-0.154706,0.100737
0.255225,-0.106648,0.060185
0.210836,-0.218275,0.062789
0.188642,-0.274088,0.064090
0.051370,-0.279744,0.002276
0.065968,-0.228228,-0.012086
0.095165,-0.125197,-0.040811
0.002491,-0.208413,-0.006072
-0.043845,-0.250021,0.011297
-0.091832,-0.356796,-0.077668
-0.114417,-0.345798,-0.087793
-0.159588,-0.323800,-0.108043
-0.138049,-0.434880,-0.085270
-0.127280,-0.490420,-0.073884
-0.162334,-0.432249,-0.150794
-0.202019,-0.507856,-0.150456
-0.281389,-0.659071,-0.149780
-0.316899,-0.678255,-0.195460
-0.334654,-0.687847,-0.218300
-0.714240,-1.009111,-0.476528
-0.736721,-1.077044,-0.521667
-0.781682,-1.212909,-0.611944
-0.789878,-1.245131,-0.644807
-0.793977,-1.261243,-0.661238
-0.264916,-1.138748,-1.169497
-0.052521,-1.011952,-1.286457
0.372269,-0.758361,-1.520376
0.382130,-0.594960,-1.482537
0.387061,-0.513260,-1.463617
0.230999,-0.312520,-1.293679
0.184398,-0.344622,-1.204222
0.091195,-0.408826,-1.025307
0.021424,-0.389578,-0.843254
-0.013461,-0.379955,-0.752227
-0.056670,-0.248519,-0.490997
-0.056705,-0.241804,-0.446279
-0.056777,-0.228374,-0.356842
-0.055838,-0.170307,-0.250591
-0.055368,-0.141274,-0.197465
-0.071619,-0.144135,-0.125064
-0.083447,-0.132488,-0.104671
-0.107102,-0.109195,-0.063886
-0.094690,-0.100144,-0.048539
-0.088484,-0.095619,-0.040865
-0.059352,-0.103987,0.016165
-0.059655,-0.109333,0.009603
-0.060260,-0.120023,-0.003521
-0.036561,-0.087761,0.009470
-0.024712,-0.071629,0.015965
0.002024,-0.094857,0.017601
0.013475,-0.074041,0.023614
0.036378,-0.032408,0.035639
0.079422,-0.046055,0.064803
0.100944,-0.052879,0.079384
0.139976,-0.054252,0.123734
0.167286,-0.094610,0.148639
0.221908,-0.175327,0.198449
0.278351,-0.284454,0.335543
0.306573,-0.339017,0.404089
0.243444,-0.600092,0.722744
0.250266,-0.675002,0.823643
0.263908,-0.824822,1.025439
0.306489,-0.905758,1.121575
0.327780,-0.946226,1.169643
0.238645,-1.148329,1.296809
0.240231,-1.208287,1.310990
0.243402,-1.328205,1.339352
0.183372,-1.250495,1.288300
0.153358,-1.211640,1.262773
0.206809,-0.936685,0.831884
0.105987,-0.795028,0.788608
-0.095658,-0.511715,0.702057
0.006337,-0.878613,0.550230
0.057335,-1.062062,0.474316
0.135276,-0.880755,0.348458
0.134239,-0.873550,0.279555
0.132165,-0.859140,0.141748
0.088005,-0.781630,0.137424
0.065925,-0.742875,0.135262
0.062170,-0.558536,0.046531
-0.004730,-0.598592,0.012549
-0.138531,-0.678703,-0.055414
-0.110502,-0.653862,-0.116510
-0.096488,-0.641441,-0.147058
-0.165696,-0.655124,-0.048941
-0.140941,-0.648217,-0.084801
-0.091431,-0.634403,-0.156521
-0.100839,-0.632625,-0.189874
-0.105543,-0.631735,-0.206550
0.017123,-0.578796,-0.300159
0.041862,-0.578548,-0.339529
0.091338,-0.578052,-0.418269
0.050278,-0.573119,-0.526125
0.029747,-0.570652,-0.580053
-0.062878,-0.533034,-0.740865
-0.096357,-0.584198,-0.862607
-0.163314,-0.686527,-1.106089
-0.116842,-0.735966,-1.304677
-0.093606,-0.760685,-1.403970
0.042622,-0.736166,-1.621056
0.056496,-0.680091,-1.576374
0.084243,-0.567942,-1.487011
0.077214,-0.555489,-1.376547
0.073700,-0.549263,-1.321315
0.419390,-0.056148,-1.023523
0.360489,-0.039837,-0.891090
0.242686,-0.007217,-0.626224
0.206532,0.027170,-0.511247
0.188456,0.044364,-0.453758
0.091639,0.022935,-0.325913
0.087748,0.038434,-0.293548
0.079966,0.069433,-0.228816
0.058956,-0.003017,-0.179918
0.048451,-0.039243,-0.155469
0.017896,0.000823,-0.126908
-0.001025,-0.013399,-0.113662
-0.038867,-0.041842,-0.087172
-0.016799,-0.030167,-0.048648
-0.005765,-0.024329,-0.029385
-0.031049,-0.015367,-0.015881
-0.021670,-0.020901,-0.010895
-0.002911,-0.031968,-0.000923
-0.013368,-0.037085,-0.001611
-0.018597,-0.039643,-0.001955
-0.010972,-0.045025,0.037023
-0.010917,-0.063230,0.043761
-0.010808,-0.099639,0.057238
-0.205414,-0.170819,0.158727
-0.302718,-0.206409,0.209471
0.131214,-0.066404,0.133909
0.069840,-0.125458,0.161423
-0.052907,-0.243566,0.216451
0.049398,-0.191081,0.265226
0.100551,-0.164838,0.289614
0.131364,-0.085759,0.391714
0.088303,-0.115614,0.418134
0.002182,-0.175323,0.470973
0.090663,-0.076218,0.567458
0.134904,-0.026665,0.615700
0.230534,0.002446,0.944885
0.232804,-0.002079,0.963516
0.237343,-0.011129,1.000779
0.249126,0.043311,1.153471
0.255017,0.070531,1.229818
0.268106,0.075710,1.170064
0.266104,0.072334,1.178036
0.262098,0.065582,1.193982
0.281138,0.055087,1.140295
0.290658,0.049839,1.113451
0.290430,0.017045,0.948420
0.294833,0.051363,0.903528
0.303640,0.119998,0.813743
0.298247,-0.004256,0.461318
0.295551,-0.066383,0.285106
0.328374,-0.174873,0.183375
0.379510,-0.120754,0.215984
0.481782,-0.012517,0.281201
0.524378,0.051966,0.144290
0.545676,0.084207,0.075835
0.390494,0.161240,0.062165
0.370836,0.168679,0.055300
0.331521,0.183556,0.041571
-0.002961,0.145733,-0.079744
-0.170202,0.126822,-0.140401
0.177591,0.095079,0.012394
0.125637,0.081882,0.004033
0.021729,0.055490,-0.012687
0.084839,0.010366,0.008307
0.116394,-0.012195,0.018804
0.038302,-0.046037,0.007178
0.056643,-0.073596,0.001941
0.093327,-0.128714,-0.008531
0.047483,-0.131811,0.013017
0.024562,-0.133359,0.023791
0.114884,-0.234632,-0.020728
0.084662,-0.240114,-0.041559
0.024219,-0.251076,-0.083220
0.041642,-0.296538,-0.155787
0.050354,-0.319269,-0.192071
0.056076,-0.361605,-0.414239
0.141108,-0.302081,-0.452995
0.311172,-0.183034,-0.530509
0.175421,-0.302253,-0.707405
0.107546,-0.361862,-0.795853
0.110965,-0.175066,-0.989220
0.129240,-0.119705,-1.001385
0.165789,-0.008984,-1.025714
0.265453,0.040240,-1.136734
0.315285,0.064852,-1.192244
0.542607,0.043166,-1.377956
0.532267,0.043857,-1.349800
0.511587,0.045240,-1.293488
0.497243,0.143220,-1.079518
0.490072,0.192211,-0.972532
0.414255,0.254788,-0.742644
0.310621,0.224853,-0.697217
0.103354,0.164981,-0.606363
0.006013,0.182934,-0.525417
-0.042658,0.191910,-0.484943
-0.083556,0.143609,-0.309504
-0.121226,0.130858,-0.288314
-0.196567,0.105357,-0.245935
-0.135584,0.094671,-0.205024
-0.105093,0.089328,-0.184569
-0.102010,0.078042,-0.149893
-0.108864,0.089161,-0.155778
-0.122573,0.111401,-0.167547
-0.106819,0.087082,-0.111616
-0.098941,0.074923,-0.083651
-0.034254,0.151184,-0.152914
-0.038717,0.134292,-0.130008
-0.047643,0.100508,-0.084196
-0.030077,0.115867,-0.056792
-0.021293,0.123546,-0.043090
-0.016222,0.052042,-0.001445
-0.029066,0.068761,-0.018159
-0.054753,0.102199,-0.051586
-0.045388,0.075415,-0.005491
-0.040705,0.062023,0.017556
-0.087633,0.053619,0.012818
-0.071390,0.033419,0.032893
-0.038903,-0.006981,0.073044
-0.076559,-0.065103,0.103534
-0.095387,-0.094163,0.118780
-0.162055,-0.260292,0.360133
-0.157928,-0.306149,0.378765
-0.149674,-0.397861,0.416030
-0.206242,-0.430620,0.488397
-0.234525,-0.446999,0.524580
-0.223932,-0.684378,0.683571
-0.203071,-0.775776,0.699068
-0.161347,-0.958571,0.730062
-0.036392,-1.019320,0.733588
0.026085,-1.049695,0.735351
0.225878,-1.162298,0.741436
0.225558,-1.152270,0.700074
0.224919,-1.132214,0.617350
0.224128,-1.161225,0.693834
0.223732,-1.175730,0.732077
0.160246,-1.068907,0.840910
0.136051,-1.047883,0.855476
0.087662,-1.005836,0.884609
-0.009151,-1.014228,0.933458
-0.057557,-1.018424,0.957883
-0.064852,-0.629253,0.905535
-0.086827,-0.683820,0.883462
-0.130777,-0.792954,0.839317
-0.060859,-0.656197,0.802584
-0.025899,-0.587819,0.784217
-0.120149,-0.455017,0.679132
-0.174568,-0.471926,0.650735
-0.283406,-0.505743,0.593941
-0.237191,-0.536075,0.536824
-0.214083,-0.551240,0.508266
-0.016766,-0.487633,0.195109
0.007751,-0.452178,0.180215
0.056784,-0.381267,0.150427
0.023324,-0.375512,0.029812
0.006595,-0.372634,-0.030495
-0.027645,-0.230849,-0.008737
-0.038481,-0.256879,-0.012447
-0.060153,-0.308940,-0.019866
-0.074649,-0.292151,-0.026962
-0.081897,-0.283756,-0.030509
-0.088370,-0.315642,-0.026554
-0.083032,-0.305641,-0.006505
-0.072355,-0.285637,0.033594
-0.125475,-0.281141,0.088922
-0.152035,-0.278893,0.116587
-0.161326,-0.301831,0.048627
-0.166063,-0.289564,0.073351
-0.175538,-0.265031,0.122799
-0.220971,-0.291905,0.087200
-0.243688,-0.305343,0.069401
-0.263457,-0.243373,-0.046372
-0.279067,-0.214577,-0.109439
-0.310285,-0.156984,-0.235573
-0.327761,-0.070539,-0.614628
-0.336499,-0.027316,-0.804155
-0.265045,-0.004635,-1.392469
-0.252328,-0.020578,-1.390309
-0.226893,-0.052464,-1.385990
-0.264101,-0.083458,-1.353894
-0.282705,-0.098956,-1.337847
-0.266490,-0.034783,-1.364388
-0.276601,-0.027587,-1.325455
-0.296824,-0.013196,-1.247590
-0.296352,-0.011761,-1.077041
-0.296116,-0.011044,-0.991766
-0.206788,0.048816,-0.709696
-0.161190,0.004411,-0.622245
-0.069995,-0.084400,-0.447342
-0.104737,-0.065613,-0.350879
-0.122108,-0.056219,-0.302648
-0.049639,-0.134711,-0.028720
-0.042708,-0.161655,-0.017827
-0.028846,-0.215542,0.003958
-0.006545,-0.175288,0.060324
0.004606,-0.155160,0.088508
-0.047750,-0.247364,0.082093
-0.029035,-0.239882,0.110147
0.008397,-0.224919,0.166255
-0.010905,-0.247607,0.178954
-0.020556,-0.258951,0.185303
-0.016072,-0.365889,0.170051
-0.021415,-0.373549,0.204636
-0.032101,-0.388870,0.273805
-0.022631,-0.451536,0.266879
-0.017896,-0.482869,0.263416
-0.040412,-0.525928,0.317157
-0.025358,-0.544894,0.337151
0.004749,-0.582826,0.377140
0.031853,-0.561664,0.368133
0.045404,-0.551083,0.363629
-0.009141,-0.599656,0.290101
-0.043375,-0.621171,0.306702
-0.111845,-0.664201,0.339904
-0.109532,-0.657277,0.224869
-0.108376,-0.653815,0.167352
0.061619,-0.716815,-0.065110
0.113375,-0.770955,-0.119931
0.216887,-0.879235,-0.229572
0.217574,-0.796351,-0.272882
0.217917,-0.754910,-0.294537
0.194478,-0.752106,-0.248800
0.186906,-0.728781,-0.228655
0.171762,-0.682132,-0.188364
0.144639,-0.606515,-0.280724
0.131078,-0.568707,-0.326904
0.129969,-0.355439,-0.115880
0.101411,-0.325916,-0.143073
0.044296,-0.266869,-0.197459
0.016720,-0.219781,-0.192564
0.002933,-0.196238,-0.190117
0.009263,-0.148923,-0.068450
0.008383,-0.133972,-0.080576
0.006623,-0.104070,-0.104828
-0.026479,-0.060010,-0.124099
-0.043030,-0.037980,-0.133735
-0.043802,-0.029998,-0.090274
-0.034895,-0.044179,-0.131109
-0.017080,-0.072541,-0.212778
-0.094233,-0.072374,-0.174611
-0.132809,-0.072291,-0.155528
-0.196638,-0.129483,-0.234802
-0.199037,-0.070980,-0.193194
-0.203834,0.046027,-0.109978
-0.238738,0.069444,-0.070160
-0.256190,0.081153,-0.050251
0.030463,0.065567,-0.221298
-0.031004,0.005023,-0.228127
-0.153937,-0.116065,-0.241784
-0.072513,-0.123413,-0.132417
-0.031800,-0.127087,-0.077733
0.060167,-0.074937,-0.020007
0.064051,-0.084269,-0.025055
0.071819,-0.102932,-0.035149
0.118487,-0.151432,0.072700
0.141821,-0.175681,0.126624
0.132673,-0.184321,0.238164
0.191460,-0.242853,0.317255
0.309033,-0.359917,0.475437
0.258327,-0.433602,0.585721
0.232973,-0.470445,0.640864
0.263894,-0.648587,0.746323
0.239649,-0.721962,0.802048
0.191159,-0.868714,0.913500
0.164719,-0.923531,1.043829
0.151498,-0.950940,1.108993
0.222366,-0.862663,1.080986
0.206378,-0.870531,1.085242
0.174401,-0.886266,1.093755
0.211217,-0.732210,1.086906
0.229626,-0.655181,1.083482
0.234747,-0.408032,0.825325
0.231259,-0.411725,0.785320
0.224283,-0.419111,0.705310
0.179207,-0.270042,0.484532
0.156670,-0.195508,0.374143
0.182204,-0.173678,0.276843
0.163662,-0.165207,0.199560
0.126579,-0.148265,0.044993
0.117056,-0.139496,-0.001011
0.112295,-0.135112,-0.024013
0.109656,-0.082262,-0.086024
0.087771,-0.115643,-0.064331
0.044003,-0.182405,-0.020944
0.035830,-0.130076,-0.024996
0.031743,-0.103912,-0.027022
0.076818,-0.161061,0.004751
0.044763,-0.141954,0.011045
-0.019348,-0.103741,0.023634
-0.012438,-0.074530,-0.002009
-0.008984,-0.059924,-0.014831
-0.015657,-0.121093,0.031332
-0.037460,-0.092447,0.020195
0.000000,0.000000,0.000000
0.081067,0.035155,0.002080
