body_0_w,body_0_x,body_0_y,body_0_z
0.002210,0.058480,0.008638,-0.998249
0.000271,0.060457,0.008647,-0.998133
-0.001166,0.062095,0.008690,-0.998032
-0.001600,0.063056,0.008801,-0.997970
-0.001413,0.064169,0.008806,-0.997899
-0.000917,0.065357,0.008758,-0.997823
0.000209,0.066015,0.008604,-0.997782
0.001483,0.066500,0.008384,-0.997750
0.003053,0.066639,0.008033,-0.997740
0.004617,0.066392,0.007457,-0.997755
0.006178,0.065952,0.006769,-0.997781
0.008578,0.062534,0.005328,-0.997992
0.010188,0.058235,0.003966,-0.998243
0.010217,0.052172,0.002761,-0.998582
0.010297,0.045193,0.001924,-0.998923
0.010403,0.037756,0.001272,-0.999232
0.012176,0.028752,0.000338,-0.999512
0.013908,0.020643,-0.000358,-0.999690
0.015562,0.014329,-0.000578,-0.999776
0.017698,0.010023,-0.000753,-0.999793
0.020075,0.006721,-0.000904,-0.999775
0.022269,0.008711,-0.000562,-0.999714
0.024455,0.011365,-0.000375,-0.999636
0.026625,0.015349,-0.000495,-0.999528
0.028684,0.018881,-0.000530,-0.999410
0.030688,0.022186,-0.000520,-0.999283
0.032193,0.024036,-0.000835,-0.999192
0.033149,0.025775,-0.000970,-0.999118
0.033008,0.027292,-0.000747,-0.999082
0.032315,0.028183,-0.000455,-0.999080
0.031346,0.028763,-0.000130,-0.999095
0.030344,0.029086,0.000186,-0.999116
0.029526,0.029269,0.000512,-0.999135
0.029075,0.029168,0.000860,-0.999151
0.028327,0.029115,0.001191,-0.999174
0.027430,0.029085,0.001512,-0.999199
0.027041,0.028814,0.001700,-0.999218
0.026757,0.028582,0.001788,-0.999232
0.026681,0.028426,0.001673,-0.999238
0.026723,0.028341,0.001574,-0.999240
0.026824,0.028291,0.001485,-0.999239
0.026889,0.028439,0.001427,-0.999233
0.027031,0.028668,0.001335,-0.999223
0.027327,0.029060,0.001172,-0.999203
0.027594,0.029794,0.001023,-0.999175
0.027847,0.030699,0.000880,-0.999140
0.028110,0.031962,0.000692,-0.999093
0.028555,0.032972,0.000489,-0.999048
0.029366,0.033475,0.000254,-0.999008
0.029770,0.033280,0.000093,-0.999003
0.029971,0.032736,-0.000032,-0.999015
0.028728,0.031082,-0.000038,-0.999104
0.027068,0.029092,0.000023,-0.999210
0.024574,0.026430,0.000217,-0.999349
0.021400,0.024934,0.000796,-0.999460
0.017884,0.024023,0.001567,-0.999550
0.015036,0.025861,0.001999,-0.999550
0.011918,0.027180,0.002657,-0.999556
0.008260,0.027461,0.003767,-0.999582
0.006432,0.028386,0.004108,-0.999568
0.005518,0.029633,0.004066,-0.999537
0.006150,0.033750,0.003597,-0.999405
0.007454,0.038573,0.003345,-0.999222
0.010104,0.044809,0.003528,-0.998938
0.013047,0.049630,0.004163,-0.998674
0.016136,0.053743,0.005025,-0.998412
0.016487,0.056786,0.005802,-0.998233
0.016332,0.059574,0.006493,-0.998069
0.015164,0.061852,0.007011,-0.997945
0.013518,0.063600,0.007351,-0.997857
0.011632,0.065083,0.007602,-0.997783
0.011470,0.065626,0.007688,-0.997749
0.011515,0.066135,0.007762,-0.997714
0.011973,0.066575,0.007809,-0.997679
0.012342,0.066186,0.007802,-0.997700
0.012667,0.065384,0.007768,-0.997750
0.012613,0.064610,0.007579,-0.997802
0.012957,0.063738,0.007356,-0.997855
0.014097,0.062672,0.007066,-0.997910
0.014716,0.061695,0.006859,-0.997963
0.015074,0.060763,0.006693,-0.998016
0.015694,0.059902,0.006511,-0.998060
0.016195,0.059167,0.006304,-0.998097
0.016457,0.058681,0.006044,-0.998123
0.016866,0.058208,0.005847,-0.998145
0.017350,0.057741,0.005682,-0.998165
0.017602,0.057209,0.005745,-0.998191
0.017784,0.056528,0.005698,-0.998226
0.017827,0.055550,0.005432,-0.998282
0.018233,0.054687,0.005374,-0.998323
0.018821,0.053882,0.005420,-0.998355
0.018573,0.053033,0.005418,-0.998405
0.018613,0.052027,0.005393,-0.998458
0.019229,0.050706,0.005322,-0.998514
0.019342,0.049583,0.005249,-0.998569
0.019203,0.048559,0.005176,-0.998622
0.019342,0.046771,0.005097,-0.998705
0.019083,0.044972,0.004991,-0.998794
0.018027,0.043152,0.004831,-0.998894
0.017060,0.041058,0.004780,-0.999000
0.016137,0.038826,0.004783,-0.999104
0.014911,0.038997,0.004629,-0.999117
0.014034,0.040000,0.004485,-0.999091
0.013859,0.042670,0.004362,-0.998984
0.012822,0.046090,0.004675,-0.998844
0.011354,0.049886,0.005205,-0.998677
0.009801,0.052128,0.005564,-0.998577
0.009351,0.053893,0.005818,-0.998486
0.011106,0.054706,0.005860,-0.998424
0.011901,0.055599,0.005943,-0.998365
0.012218,0.056532,0.006046,-0.998308
0.011654,0.057835,0.005876,-0.998241
0.011282,0.059176,0.005776,-0.998167
0.011296,0.060593,0.005813,-0.998082
0.011681,0.061576,0.005798,-0.998017
0.012251,0.062341,0.005758,-0.997963
0.012049,0.063096,0.005635,-0.997919
0.011927,0.063885,0.005603,-0.997870
0.011966,0.064740,0.005753,-0.997814
0.012106,0.065399,0.005852,-0.997769
0.012295,0.065959,0.005926,-0.997729
0.012319,0.066708,0.006465,-0.997676
0.012021,0.067760,0.007056,-0.997604
0.011081,0.069421,0.007754,-0.997496
0.010487,0.070998,0.008555,-0.997385
0.010067,0.072534,0.009408,-0.997271
0.010382,0.074392,0.010307,-0.997122
0.010637,0.076350,0.011113,-0.996962
0.010769,0.078510,0.011735,-0.996786
0.011038,0.079917,0.012084,-0.996667
0.011375,0.080949,0.012297,-0.996577
0.012837,0.080761,0.011653,-0.996583
0.014234,0.080306,0.010621,-0.996612
0.015500,0.079318,0.008812,-0.996690
0.017672,0.078215,0.006651,-0.996758
0.020296,0.077054,0.004313,-0.996811
0.023444,0.076029,0.001683,-0.996829
0.026550,0.075340,-0.001019,-0.996804
0.029573,0.075324,-0.003862,-0.996713
0.032020,0.074062,-0.007300,-0.996713
0.034179,0.072176,-0.011037,-0.996745
0.034853,0.066938,-0.014535,-0.997042
0.035871,0.061587,-0.017475,-0.997304
0.037577,0.056015,-0.019298,-0.997536
0.038729,0.051741,-0.020493,-0.997699
0.039604,0.048116,-0.021374,-0.997827
0.040614,0.044132,-0.020799,-0.997983
0.042590,0.041672,-0.019660,-0.998030
0.046499,0.042259,-0.017391,-0.997873
0.049703,0.042369,-0.015857,-0.997739
0.052553,0.042241,-0.014690,-0.997616
0.054446,0.041042,-0.012207,-0.997598
0.056995,0.039800,-0.009677,-0.997534
0.060855,0.038474,-0.007054,-0.997380
0.064542,0.037223,-0.004600,-0.997210
0.068143,0.036010,-0.002230,-0.997023
0.070565,0.037116,-0.000100,-0.996816
0.073019,0.038073,0.001924,-0.996602
0.075541,0.038736,0.003736,-0.996383
0.077354,0.039454,0.005111,-0.996210
0.078813,0.040201,0.006269,-0.996059
0.080511,0.040845,0.006923,-0.995892
0.081868,0.041308,0.007586,-0.995758
0.082543,0.041409,0.008267,-0.995693
0.083650,0.041674,0.008902,-0.995584
0.084973,0.042020,0.009514,-0.995451
0.087186,0.042542,0.010503,-0.995228
0.089286,0.043043,0.011651,-0.995007
0.091161,0.043501,0.013117,-0.994799
0.093271,0.043820,0.014492,-0.994570
0.095498,0.044069,0.015821,-0.994328
0.097168,0.043971,0.016861,-0.994153
0.099113,0.043918,0.017959,-0.993944
0.101608,0.043954,0.019173,-0.993668
0.104163,0.043939,0.020295,-0.993382
0.106749,0.043897,0.021371,-0.993087
0.109122,0.044931,0.022671,-0.992754
0.111675,0.045747,0.024202,-0.992396
0.114589,0.046127,0.026196,-0.991996
0.117885,0.046879,0.028233,-0.991518
0.121370,0.047815,0.030290,-0.990992
0.124665,0.049666,0.032674,-0.990416
0.128449,0.051736,0.034906,-0.989750
0.133216,0.054245,0.036835,-0.988916
0.139628,0.057028,0.038783,-0.987799
0.146856,0.059947,0.040740,-0.986499
0.158362,0.063512,0.040926,-0.984486
0.172095,0.067242,0.040452,-0.981950
0.190279,0.071302,0.038654,-0.978374
0.214553,0.075740,0.035597,-0.973120
0.241748,0.080326,0.031891,-0.966483
0.283376,0.093031,0.026394,-0.954121
0.320768,0.104029,0.021093,-0.941191
0.350441,0.111860,0.016261,-0.929739
0.371664,0.116309,0.011380,-0.920982
0.388678,0.119071,0.006476,-0.913625
0.403980,0.123640,0.002104,-0.906371
0.417535,0.127356,-0.001258,-0.899691
0.427778,0.129424,-0.002599,-0.894566
0.435612,0.131262,-0.003148,-0.890507
0.442241,0.132985,-0.003301,-0.886977
0.446365,0.134687,-0.002963,-0.884652
0.450311,0.136409,-0.002518,-0.882387
0.453912,0.138176,-0.001861,-0.880266
0.457480,0.138974,-0.002001,-0.878290
0.461028,0.139287,-0.002539,-0.876382
0.464287,0.139532,-0.003214,-0.874619
0.467123,0.139560,-0.003899,-0.873100
0.469121,0.139159,-0.004602,-0.872089
0.470996,0.139251,-0.005140,-0.871060
0.472808,0.139588,-0.005595,-0.870021
0.474077,0.139648,-0.006213,-0.869316
0.475568,0.139804,-0.006777,-0.868472
0.477505,0.140153,-0.007231,-0.867349
0.480098,0.140532,-0.007642,-0.865851
0.483014,0.140925,-0.008030,-0.864160
0.487009,0.141546,-0.008323,-0.861811
0.491234,0.142242,-0.008473,-0.859293
0.495927,0.143093,-0.008337,-0.856453
0.501516,0.144623,-0.007442,-0.852942
0.507535,0.146489,-0.006167,-0.849065
0.515700,0.149765,-0.004278,-0.843567
0.524416,0.152855,-0.002662,-0.837625
0.534275,0.155584,-0.001589,-0.830868
0.543646,0.159379,-0.000424,-0.824043
0.552731,0.163696,0.000786,-0.817124
0.563557,0.167077,0.001891,-0.809002
0.574538,0.169698,0.002997,-0.800687
0.585932,0.170831,0.004104,-0.792138
0.599371,0.167570,0.004145,-0.782724
0.613704,0.162075,0.003652,-0.772713
0.631236,0.150216,-0.002371,-0.760901
0.648908,0.135284,-0.008628,-0.748694
0.667098,0.114266,-0.015352,-0.735995
0.681610,0.085204,-0.017453,-0.726528
0.693756,0.052061,-0.017229,-0.718119
0.705609,0.007166,-0.020333,-0.708273
0.717294,-0.038413,-0.026292,-0.695214
0.729961,-0.085293,-0.037997,-0.677081
0.737676,-0.121397,-0.049697,-0.662289
0.742820,-0.152079,-0.061381,-0.649094
0.747447,-0.162282,-0.071266,-0.640241
0.751247,-0.172850,-0.080204,-0.631916
0.753653,-0.184202,-0.087270,-0.624869
0.755580,-0.195127,-0.092238,-0.618479
0.757221,-0.205825,-0.096150,-0.612379
0.759140,-0.205517,-0.095551,-0.610196
0.760758,-0.202072,-0.094314,-0.609523
0.761732,-0.192340,-0.091796,-0.611836
0.762935,-0.179994,-0.086853,-0.614808
0.764129,-0.166313,-0.080684,-0.618011
0.765126,-0.151935,-0.073929,-0.621315
0.765820,-0.137864,-0.067658,-0.624448
0.766135,-0.124451,-0.062373,-0.627422
0.765443,-0.114319,-0.057148,-0.630684
0.764231,-0.105826,-0.051952,-0.634077
0.762534,-0.098091,-0.050573,-0.637466
0.761856,-0.089877,-0.049655,-0.639556
0.763270,-0.080709,-0.049662,-0.639092
0.765735,-0.072276,-0.049359,-0.637173
0.768696,-0.064208,-0.048898,-0.634502
0.772474,-0.056266,-0.048211,-0.630709
0.776764,-0.047908,-0.047476,-0.626170
0.782120,-0.038719,-0.046647,-0.620172
0.788461,-0.030071,-0.046043,-0.612622
0.795209,-0.021691,-0.045547,-0.604233
0.803881,-0.012669,-0.045758,-0.592892
0.813879,-0.003933,-0.046374,-0.579167
0.826604,0.004229,-0.047804,-0.560734
0.841264,0.010963,-0.050198,-0.538177
0.856422,0.016976,-0.053044,-0.513263
0.875221,0.018683,-0.057800,-0.479894
0.893533,0.018504,-0.061461,-0.444385
0.911932,0.014572,-0.063000,-0.405213
0.930270,0.009157,-0.064006,-0.361134
0.947187,0.002989,-0.064649,-0.314083
0.963340,-0.002479,-0.068003,-0.259511
0.975717,-0.007733,-0.071838,-0.206774
0.984237,-0.012563,-0.076895,-0.158767
0.989070,-0.015426,-0.083709,-0.120401
0.991870,-0.017301,-0.091383,-0.086850
0.992557,-0.017338,-0.103111,-0.062432
0.992329,-0.017285,-0.114959,-0.042068
0.991286,-0.017071,-0.127151,-0.029877
0.990341,-0.016199,-0.136072,-0.021150
0.989456,-0.014998,-0.143357,-0.014155
0.988969,-0.013446,-0.147181,-0.009908
0.988459,-0.012092,-0.150884,-0.006007
0.987950,-0.011136,-0.154349,-0.002797
0.987565,-0.010051,-0.156889,-0.000902
0.987244,-0.008902,-0.158967,0.000335
0.986939,-0.007984,-0.160876,0.002568
0.986616,-0.007259,-0.162837,0.004527
0.986268,-0.006918,-0.164902,0.005935
0.986036,-0.006342,-0.166325,0.005437
0.985860,-0.005648,-0.167427,0.003986
0.985630,-0.004600,-0.168792,0.004594
0.985381,-0.003822,-0.170244,0.005222
0.985095,-0.003583,-0.171874,0.005889
0.984857,-0.003168,-0.173230,0.006154
0.984643,-0.002666,-0.174450,0.006220
0.984633,-0.002060,-0.174488,0.006929
0.984581,-0.001589,-0.174749,0.007743
0.984448,-0.001387,-0.175453,0.008770
0.984493,-0.000933,-0.175203,0.008782
0.984627,-0.000353,-0.174474,0.008287
0.984838,0.000441,-0.173334,0.006982
0.985132,0.001284,-0.171706,0.005452
0.985590,0.002225,-0.169102,0.003474
0.986213,0.003601,-0.165436,0.001174
0.986901,0.005194,-0.161236,-0.001288
0.987827,0.009162,-0.155278,-0.001422
0.988988,0.014331,-0.147296,-0.001205
0.990568,0.021898,-0.135259,-0.000285
0.991826,0.033395,-0.123129,0.002188
0.992709,0.046850,-0.110925,0.005436
0.992885,0.060316,-0.101787,0.013431
0.992708,0.073146,-0.092962,0.023192
0.992120,0.084719,-0.084794,0.036485
0.991459,0.088771,-0.080867,0.050888
0.990699,0.089058,-0.079054,0.065840
0.988637,0.093297,-0.078635,0.087799
0.985935,0.095581,-0.079008,0.112045
0.982223,0.093979,-0.080984,0.140878
0.978473,0.089632,-0.079099,0.168228
0.974353,0.083882,-0.075257,0.194772
0.968536,0.081521,-0.076904,0.222213
0.962159,0.079724,-0.079861,0.248023
0.955568,0.079134,-0.085508,0.270768
0.950008,0.078267,-0.088090,0.289134
0.944923,0.077258,-0.089137,0.305296
0.940512,0.076624,-0.084262,0.320103
0.936783,0.075203,-0.077581,0.332812
0.934711,0.072230,-0.067313,0.341420
0.931712,0.069064,-0.059015,0.351654
0.928156,0.065795,-0.051695,0.362665
0.925049,0.061825,-0.043395,0.372261
0.922157,0.057363,-0.035015,0.380934
0.919883,0.051928,-0.026488,0.387838
0.917748,0.045322,-0.018095,0.394153
0.915608,0.038127,-0.009769,0.400142
0.914952,0.029317,-0.001426,0.402493
0.914882,0.019793,0.005997,0.403192
0.916116,0.008846,0.011575,0.400648
0.916472,-0.001837,0.015712,0.399787
0.916341,-0.012387,0.019127,0.399749
0.917445,-0.023942,0.018220,0.396722
0.918339,-0.035048,0.018180,0.393820
0.918963,-0.045256,0.019879,0.391234
0.920263,-0.054739,0.021163,0.386875
0.921848,-0.063856,0.022237,0.381607
0.923967,-0.071432,0.022790,0.375051
0.925952,-0.077925,0.021799,0.368869
0.927790,-0.082263,0.017726,0.363489
0.929317,-0.083633,0.012701,0.359463
0.930677,-0.083517,0.007201,0.356110
0.931404,-0.084288,-0.001077,0.354091
0.931816,-0.083924,-0.007462,0.353016
0.931699,-0.081300,-0.010064,0.353872
0.931385,-0.077415,-0.011038,0.355537
0.930958,-0.072897,-0.011200,0.357600
0.930646,-0.069437,-0.011779,0.359078
0.930555,-0.066347,-0.012007,0.359889
0.930925,-0.063999,-0.011532,0.359374
0.931406,-0.063046,-0.011474,0.358296
0.931944,-0.062791,-0.011625,0.356936
0.931902,-0.062493,-0.011955,0.357085
0.931806,-0.062038,-0.012267,0.357406
0.931599,-0.061269,-0.012543,0.358068
0.931394,-0.060878,-0.012969,0.358652
0.931190,-0.060675,-0.013471,0.359196
0.930743,-0.060649,-0.012966,0.360377
0.930423,-0.060943,-0.012906,0.361153
0.930362,-0.061875,-0.013737,0.361123
0.930253,-0.062655,-0.014729,0.361230
0.930120,-0.063358,-0.015802,0.361405
0.929072,-0.062203,-0.017169,0.364228
0.927988,-0.061495,-0.018206,0.367049
0.926846,-0.061686,-0.018583,0.369873
0.926775,-0.060194,-0.017881,0.370332
0.927236,-0.057861,-0.016638,0.369607
0.925332,-0.059498,-0.016234,0.374107
0.923309,-0.060686,-0.015640,0.378911
0.921063,-0.060977,-0.014667,0.384330
0.918529,-0.063001,-0.013681,0.390061
0.915823,-0.065889,-0.012688,0.395937
0.912201,-0.068647,-0.011082,0.403798
0.907975,-0.071596,-0.009107,0.412762
0.902563,-0.074927,-0.006393,0.423940
0.895589,-0.078780,-0.002948,0.437841
0.887645,-0.082877,0.000863,0.453010
0.876218,-0.087272,0.006767,0.473898
0.862567,-0.091955,0.012345,0.497363
0.844680,-0.097232,0.017269,0.526083
0.823999,-0.103314,0.022458,0.556640
0.801192,-0.109705,0.027758,0.587611
0.772539,-0.117867,0.030453,0.623188
0.740066,-0.126111,0.032427,0.659809
0.701151,-0.134682,0.033001,0.699399
0.657692,-0.140173,0.032780,0.739404
0.610644,-0.143833,0.032094,0.778072
0.563175,-0.140407,0.034520,0.813589
0.515468,-0.133883,0.039191,0.845477
0.469498,-0.121702,0.048480,0.873161
0.423941,-0.102656,0.060078,0.897845
0.377911,-0.080021,0.072722,0.919506
0.344123,-0.059057,0.089794,0.932753
0.315864,-0.040149,0.104870,0.942136
0.299703,-0.025535,0.116220,0.946583
0.290208,-0.013308,0.127248,0.948372
0.284040,-0.002274,0.138110,0.948811
0.279085,0.009764,0.142288,0.949616
0.273604,0.019440,0.145741,0.950538
0.267144,0.024395,0.147780,0.951945
0.258517,0.026187,0.145004,0.954703
0.248785,0.026396,0.139807,0.958052
0.239259,0.024225,0.137828,0.960818
0.229409,0.021903,0.136381,0.963479
0.218936,0.019280,0.136012,0.966021
0.209207,0.017025,0.135116,0.968342
0.199841,0.014953,0.133952,0.970514
0.191683,0.011891,0.133424,0.972273
0.183610,0.008737,0.132743,0.973956
0.175722,0.005401,0.131768,0.975566
0.167238,0.002016,0.129922,0.977317
0.158445,-0.001392,0.127632,0.979083
0.151619,-0.003630,0.126364,0.980322
0.144170,-0.005959,0.124982,0.981610
0.135482,-0.008470,0.123376,0.983032
0.127471,-0.010355,0.122429,0.984203
0.119797,-0.011927,0.121807,0.985226
0.112553,-0.013531,0.122705,0.985947
0.107418,-0.014395,0.123247,0.986440
0.106510,-0.013780,0.123089,0.986567
0.103086,-0.015438,0.123646,0.986837
0.098401,-0.018233,0.124558,0.987153
0.094640,-0.022864,0.123683,0.987534
0.090440,-0.028839,0.122480,0.987921
0.085362,-0.037498,0.120620,0.988311
0.082466,-0.047015,0.116782,0.988611
0.080655,-0.056957,0.111947,0.988797
0.074383,-0.067113,0.101831,0.989744
0.065795,-0.076533,0.093428,0.990497
0.052590,-0.084494,0.088478,0.991094
0.035089,-0.088769,0.080852,0.992145
0.015429,-0.091173,0.071863,0.993119
-0.004088,-0.092134,0.061370,0.993845
-0.021667,-0.092318,0.050919,0.994191
-0.035372,-0.091007,0.040592,0.994394
-0.048750,-0.090678,0.031665,0.994182
-0.061958,-0.090830,0.023435,0.993661
-0.072631,-0.092758,0.015773,0.992911
-0.083207,-0.095114,0.008638,0.991945
-0.093601,-0.098344,0.002558,0.990737
-0.102151,-0.101021,-0.002313,0.989623
-0.109777,-0.103420,-0.006581,0.988539
-0.116964,-0.105341,-0.009968,0.987483
-0.123957,-0.106677,-0.013144,0.986449
-0.130568,-0.106848,-0.015898,0.985537
-0.136009,-0.109034,-0.018021,0.984524
-0.140864,-0.112228,-0.019830,0.983448
-0.144732,-0.111106,-0.021557,0.982977
-0.148230,-0.110659,-0.023173,0.982469
-0.150988,-0.111564,-0.024568,0.981913
-0.153662,-0.112002,-0.025822,0.981416
-0.156292,-0.112204,-0.027007,0.980945
-0.158434,-0.113065,-0.024766,0.980562
-0.160490,-0.113432,-0.022878,0.980231
-0.162376,-0.112814,-0.021693,0.980019
-0.164618,-0.112961,-0.020875,0.979645
-0.167039,-0.113490,-0.020240,0.979188
-0.168876,-0.114768,-0.019868,0.978731
-0.171013,-0.115958,-0.019282,0.978231
-0.173750,-0.116973,-0.018266,0.977647
-0.177518,-0.119727,-0.017352,0.976653
-0.181799,-0.123346,-0.016487,0.975430
-0.186641,-0.124615,-0.017189,0.974341
-0.192315,-0.125660,-0.018168,0.973085
-0.199654,-0.126260,-0.019703,0.971498
-0.207007,-0.125368,-0.026405,0.969914
-0.214347,-0.123719,-0.035687,0.968233
-0.221094,-0.124069,-0.038575,0.966559
-0.228575,-0.124452,-0.041753,0.964636
-0.237529,-0.124907,-0.045513,0.962241
-0.247484,-0.126655,-0.048674,0.959344
-0.257920,-0.129039,-0.051532,0.956123
-0.270078,-0.133559,-0.056045,0.951882
-0.284471,-0.138384,-0.061321,0.946660
-0.303335,-0.143824,-0.068124,0.939501
-0.326567,-0.146343,-0.073959,0.930843
-0.351825,-0.147331,-0.079275,0.920993
-0.381278,-0.141107,-0.076917,0.910384
-0.411446,-0.134900,-0.073725,0.898376
-0.443353,-0.128852,-0.068929,0.884355
-0.477865,-0.121857,-0.062043,0.867725
-0.513188,-0.114268,-0.054051,0.848917
-0.550958,-0.104604,-0.044175,0.826772
-0.590670,-0.094335,-0.033906,0.800662
-0.634942,-0.083011,-0.022922,0.767745
-0.682083,-0.075123,-0.008120,0.727360
-0.728746,-0.068752,0.008602,0.681270
-0.780391,-0.062531,0.026089,0.621610
-0.828612,-0.053899,0.042116,0.555628
-0.874183,-0.040818,0.055309,0.480707
-0.913443,-0.031541,0.063801,0.400694
-0.945687,-0.024048,0.069668,0.316615
-0.968102,-0.017243,0.068885,0.240283
-0.983464,-0.010637,0.067174,0.167848
-0.992363,-0.004576,0.064154,0.105252
-0.996870,-0.001251,0.060744,0.050584
-0.998369,0.000704,0.057092,-0.000117
-0.997949,0.000662,0.053968,-0.034415
-0.996606,0.000564,0.051267,-0.064407
-0.995078,0.000358,0.049506,-0.085838
-0.993750,-0.000529,0.048412,-0.100579
-0.992566,-0.001756,0.047655,-0.111978
-0.991855,-0.002072,0.047378,-0.118218
-0.991221,-0.002489,0.047218,-0.123468
-0.990803,-0.003108,0.047292,-0.126743
-0.990844,-0.003757,0.047087,-0.126482
-0.991114,-0.004422,0.046741,-0.124452
-0.991725,-0.004530,0.046647,-0.119519
-0.992511,-0.004589,0.046583,-0.112833
-0.993617,-0.004552,0.046575,-0.102640
-0.994961,-0.003925,0.046983,-0.088487
-0.996240,-0.003003,0.047591,-0.072337
-0.997475,-0.001326,0.049269,-0.051134
-0.998332,0.000267,0.050970,-0.027101
-0.998604,0.001691,0.052727,0.002575
-0.998001,0.002103,0.053561,0.033482
-0.996427,0.002009,0.053906,0.064981
-0.994015,0.001765,0.052924,0.095553
-0.990603,0.001915,0.052455,0.126295
-0.986096,0.002856,0.053060,0.157452
-0.981243,0.006556,0.055431,0.184518
-0.975980,0.011633,0.058672,0.209490
-0.972530,0.015151,0.060461,0.224276
-0.969518,0.017912,0.060860,0.236664
-0.967734,0.019166,0.058503,0.244339
-0.966454,0.019561,0.055964,0.249904
-0.965426,0.019527,0.053334,0.254414
-0.965094,0.021023,0.051588,0.255911
-0.965250,0.022724,0.049190,0.255648
-0.966375,0.024833,0.045489,0.251862
-0.965661,0.024925,0.044950,0.254671
-0.964006,0.024007,0.045992,0.260771
-0.963911,0.022981,0.045080,0.261372
-0.963833,0.022113,0.043750,0.261959
-0.963790,0.021561,0.041584,0.262516
-0.963947,0.021112,0.039930,0.262234
-0.964203,0.020714,0.038533,0.261533
-0.964425,0.020137,0.036930,0.260988
-0.964615,0.019666,0.035433,0.260531
-0.964741,0.019404,0.034148,0.260253
-0.965104,0.019190,0.033326,0.259028
-0.965582,0.018999,0.032736,0.257329
-0.966076,0.018904,0.031563,0.255624
-0.966708,0.018921,0.030614,0.253338
-0.967616,0.019163,0.030114,0.249889
-0.968673,0.019341,0.030006,0.245760
-0.969791,0.019486,0.030093,0.241287
-0.971189,0.020395,0.031741,0.235306
-0.972672,0.021353,0.034016,0.228685
-0.974342,0.022409,0.037544,0.220786
-0.976195,0.024862,0.041729,0.211384
-0.978055,0.028012,0.046238,0.201211
-0.980312,0.031953,0.053080,0.187485
-0.982293,0.036012,0.061022,0.173435
-0.983920,0.040314,0.071173,0.158776
-0.985972,0.043510,0.078388,0.140789
-0.987992,0.046143,0.084115,0.121106
-0.989996,0.047349,0.085798,0.101512
-0.991611,0.047991,0.087485,0.082162
-0.992859,0.047523,0.089214,0.063347
-0.993655,0.044977,0.092919,0.044634
-0.994027,0.041384,0.097593,0.025965
-0.994184,0.040375,0.098962,0.013177
-0.994136,0.039496,0.100636,0.002546
-0.993920,0.038886,0.102940,-0.003769
-0.993814,0.037638,0.104097,-0.008997
-0.993758,0.036070,0.104679,-0.013681
-0.993310,0.036039,0.108411,-0.016816
-0.992954,0.035444,0.111276,-0.020095
-0.992807,0.033720,0.112413,-0.023666
-0.992684,0.032041,0.113318,-0.026666
-0.992569,0.030385,0.114106,-0.029380
-0.992442,0.028721,0.115001,-0.031771
-0.992367,0.027141,0.115437,-0.033829
-0.992412,0.025730,0.114955,-0.035224
-0.992545,0.024188,0.113828,-0.036232
-0.992718,0.022582,0.112377,-0.037046
-0.992712,0.023263,0.112752,-0.035613
-0.992773,0.023272,0.112718,-0.033985
-0.992967,0.021938,0.111866,-0.031965
-0.993123,0.021120,0.111333,-0.029418
-0.993256,0.020560,0.110960,-0.026607
-0.993446,0.019631,0.110052,-0.023821
-0.993945,0.018740,0.106002,-0.022015
-0.995005,0.017926,0.095665,-0.022166
-0.995417,0.015854,0.092315,-0.019268
-0.995519,0.013154,0.092459,-0.014847
-0.995724,0.016119,0.089089,-0.018357
-0.995886,0.017288,0.086386,-0.021185
-0.996011,0.014865,0.085024,-0.022646
-0.996177,0.015299,0.083592,-0.020248
-0.996347,0.017163,0.082122,-0.015920
-0.996451,0.016450,0.081349,-0.014037
-0.996541,0.015607,0.080686,-0.012354
-0.996608,0.014505,0.080242,-0.011071
-0.996707,0.013156,0.079458,-0.009376
-0.996817,0.011684,0.078503,-0.007475
-0.996863,0.009748,0.078423,-0.004359
-0.996938,0.007646,0.077803,-0.001644
-0.997086,0.005214,0.076104,0.000268
-0.997216,0.002959,0.074472,0.002365
-0.997330,0.000793,0.072874,0.004555
-0.997631,-0.001376,0.068657,0.004065
-0.997885,-0.003451,0.064839,0.003001
-0.998073,-0.005337,0.061820,0.000789
-0.998273,-0.007192,0.058212,-0.003115
-0.998452,-0.009032,0.054308,-0.007864
-0.998400,-0.010864,0.053506,-0.014741
-0.998274,-0.012148,0.053107,-0.021950
-0.998045,-0.012337,0.053516,-0.029821
-0.997802,-0.012406,0.052660,-0.038275
-0.997505,-0.012413,0.051169,-0.047020
-0.997338,-0.009626,0.047205,-0.054729
-0.997240,-0.006058,0.042116,-0.060842
-0.997358,-0.000930,0.034779,-0.063767
-0.997725,0.002710,0.027503,-0.061489
-0.998175,0.005604,0.020255,-0.056607
-0.998548,0.010672,0.017685,-0.049747
-0.998851,0.015426,0.016313,-0.042338
-0.999086,0.019553,0.017337,-0.033837
-0.999216,0.022039,0.018579,-0.027126
-0.999293,0.023704,0.019931,-0.021310
-0.999344,0.023760,0.020588,-0.018001
-0.999383,0.023576,0.021223,-0.015055
-0.999417,0.022912,0.021815,-0.012835
-0.999442,0.021924,0.022107,-0.012082
-0.999464,0.020775,0.022247,-0.012062
-0.999481,0.019670,0.022781,-0.011517
-0.999496,0.018823,0.023007,-0.011180
-0.999510,0.018493,0.022615,-0.011257
-0.999522,0.017808,0.022642,-0.011208
-0.999533,0.016945,0.022879,-0.011095
-0.999547,0.016560,0.022886,-0.010334
-0.999562,0.016186,0.022814,-0.009713
-0.999576,0.015835,0.022584,-0.009371
