joint_0_vel,joint_1_vel,joint_2_vel,joint_3_vel,joint_4_vel,joint_5_vel,joint_6_vel,joint_7_vel,joint_8_vel,joint_9_vel,joint_10_vel,joint_11_vel,joint_12_vel,joint_13_vel,joint_14_vel,joint_15_vel,joint_16_vel,joint_17_vel,joint_18_vel,joint_19_vel,joint_20_vel,joint_21_vel,joint_22_vel,joint_23_vel,joint_24_vel,joint_25_vel,joint_26_vel,joint_27_vel,joint_28_vel
0.000000,0.000000,0.000000,0.000000,0.000000,0.000000,0.000000,0.000000,0.000000,0.000000,0.000000,0.000000,0.000000,0.000000,0.000000,0.000000,0.000000,0.000000,0.000000,0.000000,0.000000,0.000000,0.000000,0.000000,0.000000,0.000000,0.000000,0.000000,0.000000
0.000000,0.000000,0.000000,0.000000,0.000000,0.000000,0.000000,0.000000,0.000000,0.000000,0.000000,0.000000,0.000000,0.000000,0.000000,0.000000,0.000000,0.000000,0.000000,0.000000,0.000000,0.000000,0.000000,0.000000,0.000000,0.000000,0.000000,0.000000,0.000000
0.000000,0.000000,0.000000,0.000000,0.000000,0.000000,0.000000,0.000000,0.000000,0.000000,0.000000,0.000000,0.000000,0.000000,0.000000,0.000000,0.000000,0.000000,0.000000,0.000000,0.000000,0.000000,0.000000,0.000000,0.000000,0.000000,0.000000,0.000000,0.000000
0.000000,0.000000,0.000000,0.000000,0.000000,0.000000,0.000000,0.000000,0.000000,0.000000,0.000000,0.000000,0.000000,0.000000,0.000000,0.000000,0.000000,0.000000,0.000000,0.000000,0.000000,0.000000,0.000000,0.000000,0.000000,0.000000,0.000000,0.000000,0.000000
0.000000,0.000000,0.000000,0.000000,0.000000,0.000000,0.000000,0.000000,0.000000,0.000000,0.000000,0.000000,0.000000,0.000000,0.000000,0.000000,0.000000,0.000000,0.000000,0.000000,0.000000,0.000000,0.000000,0.000000,0.000000,0.000000,0.000000,0.000000,0.000000
0.000000,0.000000,0.000000,0.000000,0.000000,0.000000,0.000000,0.000000,0.000000,0.000000,0.000000,0.000000,0.000000,0.000000,0.000000,0.000000,0.000000,0.000000,0.000000,0.000000,0.000000,0.000000,0.000000,0.000000,0.000000,0.000000,0.000000,0.000000,0.000000
0.000000,0.000000,0.000000,0.000000,0.000000,0.000000,0.000000,0.000000,0.000000,0.000000,0.000000,0.000000,0.000000,0.000000,0.000000,0.000000,0.000000,0.000000,0.000000,0.000000,0.000000,0.000000,0.000000,0.000000,0.000000,0.000000,0.000000,0.000000,0.000000
0.000000,0.000000,0.000000,0.000000,0.000000,0.000000,0.000000,0.000000,0.000000,0.000000,0.000000,0.000000,0.000000,0.000000,0.000000,0.000000,0.000000,0.000000,0.000000,0.000000,0.000000,0.000000,0.000000,0.000000,0.000000,0.000000,0.000000,0.000000,0.000000
0.000000,0.000000,0.000000,0.000000,0.000000,0.000000,0.000000,0.000000,0.000000,0.000000,0.000000,0.000000,0.000000,0.000000,0.000000,0.000000,0.000000,0.000000,0.000000,0.000000,0.000000,0.000000,0.000000,0.000000,0.000000,0.000000,0.000000,0.000000,0.000000
0.000000,0.000000,0.000000,0.000000,0.000000,0.000000,0.000000,0.000000,0.000000,0.000000,0.000000,0.000000,0.000000,0.000000,0.000000,0.000000,0.000000,0.000000,0.000000,0.000000,0.000000,0.000000,0.000000,0.000000,0.000000,0.000000,0.000000,0.000000,0.000000
0.000000,0.000000,0.000000,0.000000,0.000000,0.000000,0.000000,0.000000,0.000000,0.000000,0.000000,0.000000,0.000000,0.000000,0.000000,0.000000,0.000000,0.000000,0.000000,0.000000,0.000000,0.000000,0.000000,0.000000,0.000000,0.000000,0.000000,0.000000,0.000000
0.000000,0.000000,0.000000,0.000000,0.000000,0.000000,0.000000,0.000000,0.000000,0.000000,0.000000,0.000000,0.000000,0.000000,0.000000,0.000000,0.000000,0.000000,0.000000,0.000000,0.000000,0.000000,0.000000,0.000000,0.000000,0.000000,0.000000,0.000000,0.000000
0.000000,0.000000,0.000000,0.000000,0.000000,0.000000,0.000000,0.000000,0.000000,0.000000,0.000000,0.000000,0.000000,0.000000,0.000000,0.000000,0.000000,0.000000,0.000000,0.000000,0.000000,0.000000,0.000000,0.000000,0.000000,0.000000,0.000000,0.000000,0.000000
0.000000,0.000000,0.000000,0.000000,0.000000,0.000000,0.000000,0.000000,0.000000,0.000000,0.000000,0.000000,0.000000,0.000000,0.000000,0.000000,0.000000,0.000000,0.000000,0.000000,0.000000,0.000000,0.000000,0.000000,0.000000,0.000000,0.000000,0.000000,0.000000
0.000000,0.000000,0.000000,0.000000,0.000000,0.000000,0.000000,0.000000,0.000000,0.000000,0.000000,0.000000,0.000000,0.000000,0.000000,0.000000,0.000000,0.000000,0.000000,0.000000,0.000000,0.000000,0.000000,0.000000,0.000000,0.000000,0.000000,0.000000,0.000000
0.000000,0.000000,0.000000,0.000000,0.000000,0.000000,0.000000,0.000000,0.000000,0.000000,0.000000,0.000000,0.000000,0.000000,0.000000,0.000000,0.000000,0.000000,0.000000,0.000000,0.000000,0.000000,0.000000,0.000000,0.000000,0.000000,0.000000,0.000000,0.000000
0.000000,0.000000,0.000000,0.000000,0.000000,0.000000,0.000000,0.000000,0.000000,0.000000,0.000000,0.000000,0.000000,0.000000,0.000000,0.000000,0.000000,0.000000,0.000000,0.000000,0.000000,0.000000,0.000000,0.000000,0.000000,0.000000,0.000000,0.000000,0.000000
0.000000,0.000000,0.000000,0.000000,0.000000,0.000000,0.000000,0.000000,0.000000,0.000000,0.000000,0.000000,0.000000,0.000000,0.000000,0.000000,0.000000,0.000000,0.000000,0.000000,0.000000,0.000000,0.000000,0.000000,0.000000,0.000000,0.000000,0.000000,0.000000
0.000000,0.000000,0.000000,0.000000,0.000000,0.000000,0.000000,0.000000,0.000000,0.000000,0.000000,0.000000,0.000000,0.000000,0.000000,0.000000,0.000000,0.000000,0.000000,0.000000,0.000000,0.000000,0.000000,0.000000,0.000000,0.000000,0.000000,0.000000,0.000000
0.000000,0.000000,0.000000,0.000000,0.000000,0.000000,0.000000,0.000000,0.000000,0.000000,0.000000,0.000000,0.000000,0.000000,0.000000,0.000000,0.000000,0.000000,0.000000,0.000000,0.000000,0.000000,0.000000,0.000000,0.000000,0.000000,0.000000,0.000000,0.000000
0.000000,0.000000,0.000000,0.000000,0.000000,0.000000,0.000000,0.000000,0.000000,0.000000,0.000000,0.000000,0.000000,0.000000,0.000000,0.000000,0.000000,0.000000,0.000000,0.000000,0.000000,0.000000,0.000000,0.000000,0.000000,0.000000,0.000000,0.000000,0.000000
0.000000,0.000000,0.000000,0.000000,0.000000,0.000000,0.000000,0.000000,0.000000,0.000000,0.000000,0.000000,0.000000,0.000000,0.000000,0.000000,0.000000,0.000000,0.000000,0.000000,0.000000,0.000000,0.000000,0.000000,0.000000,0.000000,0.000000,0.000000,0.000000
0.000000,0.000000,0.000000,0.000000,0.000000,0.000000,0.000000,0.000000,0.000000,0.000000,0.000000,0.000000,0.000000,0.000000,0.000000,0.000000,0.000000,0.000000,0.000000,0.000000,0.000000,0.000000,0.000000,0.000000,0.000000,0.000000,0.000000,0.000000,0.000000
-0.000259,-0.011933,0.000175,-0.013333,0.008738,0.000023,-0.000077,0.005679,0.021769,0.027036,0.004399,0.047953,-0.015999,0.003402,-0.008127,0.027428,0.008076,0.003207,-0.008530,0.028379,-0.046564,0.057541,-0.010331,-0.026336,0.039447,0.001649,0.006191,-0.024170,-0.017765
-0.000388,-0.017900,0.000263,-0.020000,0.013107,0.000034,-0.000115,0.008519,0.032654,0.040554,0.006599,0.071930,-0.023999,0.005103,-0.012190,0.041142,0.012114,0.004811,-0.012795,0.042568,-0.069846,0.086312,-0.015496,-0.039503,0.059170,0.002473,0.009286,-0.036256,-0.026647
-0.005932,-0.052572,0.004018,-0.062315,0.039080,0.000526,-0.001768,0.025634,0.099890,0.126605,0.021195,0.225494,-0.073160,0.017162,-0.037069,0.120778,0.036820,0.013999,-0.038958,0.137665,-0.212371,0.263485,-0.047292,-0.120156,0.180300,0.008668,0.028224,-0.111059,-0.081044
-0.012532,-0.062228,0.008497,-0.078047,0.046883,0.001133,-0.003751,0.031002,0.123007,0.158844,0.027243,0.283952,-0.089777,0.022873,-0.045361,0.142898,0.045024,0.016430,-0.047746,0.177950,-0.259834,0.323788,-0.058099,-0.147077,0.221147,0.011905,0.034510,-0.136940,-0.099192
-0.025731,-0.081540,0.017455,-0.109511,0.062491,0.002345,-0.007716,0.041736,0.169241,0.223323,0.039340,0.400868,-0.123010,0.034296,-0.061945,0.187140,0.061432,0.021293,-0.065321,0.258521,-0.354760,0.444395,-0.079713,-0.200921,0.302842,0.018379,0.047083,-0.188701,-0.135488
-0.053688,-0.093256,0.036504,-0.145533,0.073874,0.005076,-0.016243,0.050263,0.216059,0.297900,0.055044,0.538884,-0.155511,0.050965,-0.077594,0.213790,0.076720,0.023816,-0.082259,0.365408,-0.444115,0.564122,-0.101106,-0.251970,0.382322,0.028496,0.058782,-0.241734,-0.169847
-0.067666,-0.099114,0.046028,-0.163543,0.079566,0.006442,-0.020507,0.054527,0.239468,0.335188,0.062896,0.607892,-0.171762,0.059300,-0.085419,0.227115,0.084364,0.025078,-0.090727,0.418851,-0.488793,0.623986,-0.111803,-0.277494,0.422062,0.033554,0.064631,-0.268251,-0.187027
-0.134992,-0.099507,0.092226,-0.226315,0.085014,0.013734,-0.041602,0.060145,0.309024,0.466481,0.093332,0.855639,-0.216975,0.094020,-0.105347,0.227502,0.103051,0.024031,-0.113524,0.629121,-0.601730,0.795610,-0.142298,-0.343375,0.531385,0.055361,0.078864,-0.348574,-0.231177
-0.164131,-0.092106,0.112492,-0.250694,0.080461,0.017485,-0.051197,0.057535,0.331337,0.517892,0.105980,0.954073,-0.229739,0.108825,-0.109718,0.210405,0.106511,0.021849,-0.119460,0.717075,-0.625818,0.847218,-0.151366,-0.358509,0.561452,0.064725,0.081441,-0.375145,-0.241171
-0.222407,-0.077305,0.153022,-0.299452,0.071356,0.024987,-0.070387,0.052316,0.375963,0.620713,0.131276,1.150940,-0.255268,0.138434,-0.118459,0.176211,0.113431,0.017484,-0.131333,0.892981,-0.673995,0.950434,-0.169501,-0.388778,0.621587,0.083454,0.086594,-0.428288,-0.261159
-0.282572,-0.044210,0.196430,-0.356129,0.042502,0.036172,-0.092728,0.031631,0.417302,0.740704,0.161304,1.381966,-0.273111,0.173014,-0.119532,0.100733,0.110800,0.009552,-0.137656,1.100654,-0.675871,1.035071,-0.183885,-0.395802,0.660570,0.104797,0.084166,-0.480379,-0.264989
-0.312654,-0.027663,0.218134,-0.384468,0.028075,0.041764,-0.103899,0.021288,0.437971,0.800700,0.176317,1.497479,-0.282033,0.190305,-0.120069,0.062995,0.109485,0.005586,-0.140817,1.204490,-0.676810,1.077389,-0.191076,-0.399313,0.680061,0.115468,0.082951,-0.506425,-0.266903
-0.639876,0.115969,0.509148,-0.545225,-0.050869,0.254088,-0.290243,-0.033758,0.513459,1.120747,0.282100,2.044241,-0.302101,0.364840,-0.133750,-0.243905,0.114798,-0.052750,-0.147692,1.821939,-0.671262,1.262614,-0.197564,-0.375797,0.737281,0.210875,0.069305,-0.677283,-0.239861
-0.769343,0.166930,0.604605,-0.583935,-0.075692,0.356491,-0.349867,-0.043400,0.528496,1.208417,0.310737,2.233894,-0.305928,0.402615,-0.130366,-0.364930,0.110715,-0.067815,-0.147881,2.044337,-0.658628,1.280987,-0.203021,-0.373736,0.742177,0.239380,0.067869,-0.691015,-0.239172
-1.028278,0.268851,0.795520,-0.661355,-0.125340,0.561296,-0.469115,-0.062682,0.558568,1.383755,0.368012,2.613199,-0.313581,0.478163,-0.123599,-0.606980,0.102550,-0.097946,-0.148261,2.489134,-0.633362,1.317734,-0.213935,-0.369614,0.751967,0.296388,0.064999,-0.718479,-0.237795
-1.027305,0.268541,0.657308,-0.573699,-0.143817,0.654306,-0.377046,-0.027361,0.518583,1.291658,0.316006,2.794347,-0.301795,0.307061,-0.062125,-0.710442,0.016719,-0.038406,-0.133943,2.624046,-0.531326,1.071017,-0.254955,-0.411283,0.669598,0.252205,0.085369,-0.446828,-0.301051
-1.026818,0.268386,0.588202,-0.529871,-0.153055,0.700811,-0.331012,-0.009700,0.498591,1.245609,0.290003,2.884922,-0.295902,0.221510,-0.031388,-0.762173,-0.026196,-0.008636,-0.126785,2.691502,-0.480309,0.947659,-0.275465,-0.432117,0.628413,0.230114,0.095554,-0.311003,-0.332679
-0.999469,0.264977,0.384133,-0.396521,-0.205329,0.959545,-0.238847,0.056407,0.424022,1.075309,0.217820,3.206160,-0.253231,0.078411,-0.001674,-1.066165,-0.408043,0.172454,-0.097947,2.952914,-0.400098,0.660389,-0.349295,-0.497902,0.487856,0.170862,0.144988,-0.108329,-0.461020
-1.123433,0.323342,0.463716,-0.434811,-0.242236,1.043020,-0.182650,0.011807,0.456075,1.141509,0.218401,3.144055,-0.340186,0.092630,-0.008143,-1.227099,-0.424581,0.208079,-0.130747,2.833522,-0.259208,0.669869,-0.397033,-0.485352,0.578630,0.171984,0.103834,-0.126962,-0.491897
-1.371360,0.440073,0.622881,-0.511392,-0.316050,1.209968,-0.070258,-0.077395,0.520181,1.273908,0.219563,3.019847,-0.514094,0.121069,-0.021082,-1.548967,-0.457656,0.279328,-0.196347,2.594736,0.022571,0.688830,-0.492510,-0.460251,0.760178,0.174226,0.021525,-0.164228,-0.553652
-1.719066,0.622991,0.895331,-0.619831,-0.387007,1.384920,-0.032175,-0.329624,0.601918,1.414547,0.227619,2.835649,-0.898301,0.153685,-0.100028,-1.993538,-0.459753,0.366594,-0.321095,2.319221,0.509842,0.682549,-0.617770,-0.436285,1.008908,0.169006,-0.067307,-0.206573,-0.611801
-1.892919,0.714450,1.031557,-0.674050,-0.422485,1.472396,-0.013133,-0.455739,0.642786,1.484866,0.231648,2.743550,-1.090404,0.169993,-0.139501,-2.215823,-0.460801,0.410227,-0.383468,2.181463,0.753478,0.679408,-0.680400,-0.424302,1.133273,0.166395,-0.111723,-0.227745,-0.640876
-1.902169,0.515690,0.993538,-0.677446,0.035112,1.251877,0.271721,0.023898,0.626951,1.072510,0.383498,2.478283,-1.166566,-0.194986,-0.365037,-1.963445,-0.472344,0.151689,-0.245606,1.850056,0.919553,-0.130901,-0.520397,-0.755419,0.563317,-0.031938,-0.159696,0.232561,-0.587060
-1.824089,0.441961,0.905068,-0.679653,0.059434,1.184051,0.273215,0.053577,0.576254,0.988043,0.406134,2.351243,-1.196593,-0.172782,-0.346338,-1.909960,-0.485980,0.161035,-0.232085,1.715764,0.994313,-0.120922,-0.543563,-0.745195,0.453461,-0.040693,-0.140692,0.234658,-0.480773
-1.667931,0.294501,0.728128,-0.684067,0.108078,1.048398,0.276201,0.112935,0.474861,0.819108,0.451407,2.097165,-1.256648,-0.128374,-0.308940,-1.802989,-0.513254,0.179726,-0.205043,1.447179,1.143832,-0.100965,-0.589896,-0.724747,0.233748,-0.058203,-0.102683,0.238852,-0.268198
-1.612280,0.213801,0.647857,-0.737941,0.144404,0.932812,0.176213,0.099591,0.381670,0.733086,0.468267,1.887193,-1.306393,-0.043742,-0.182912,-1.820524,-0.500412,0.280206,-0.218356,1.112603,1.292615,-0.018939,-0.757902,-0.583154,0.157278,-0.034555,-0.082977,0.096872,-0.148884
-1.584454,0.173450,0.607722,-0.764878,0.162566,0.875019,0.126219,0.092919,0.335074,0.690075,0.476697,1.782208,-1.331265,-0.001425,-0.119898,-1.829291,-0.493991,0.330447,-0.225013,0.945315,1.367007,0.022073,-0.841905,-0.512357,0.119043,-0.022732,-0.073124,0.025882,-0.089227
-2.492791,0.262152,1.370441,-1.108595,0.465333,0.797432,0.363855,-0.022523,0.350863,0.665338,0.565331,1.765923,-1.506565,-0.186600,-0.066644,-2.399905,-0.304278,0.371214,-0.302271,0.421102,1.751581,0.217572,-1.214117,-0.475947,0.234077,0.059449,-0.507368,-0.354281,-0.120401
-2.332386,0.315415,1.256679,-1.038783,0.480279,0.755565,0.261838,-0.006787,0.342030,0.464827,0.439165,1.785329,-1.656731,-0.056593,-0.065207,-2.240874,-0.275859,0.372143,-0.187359,0.479829,2.013484,0.151303,-1.326052,-0.539015,0.112193,-0.035678,-0.471501,-0.118346,-0.066549
-2.011576,0.421941,1.029155,-0.899160,0.510170,0.671830,0.057803,0.024683,0.324363,0.063806,0.186833,1.824141,-1.957064,0.203420,-0.062333,-1.922813,-0.219021,0.374000,0.042467,0.597282,2.537291,0.018765,-1.549923,-0.665152,-0.131574,-0.225931,-0.399765,0.353525,0.041155
-2.980819,0.550679,1.673551,-0.980487,0.532417,0.557947,0.018996,-0.283316,0.488358,-0.510627,-0.028383,2.089080,-2.520895,-0.208244,0.042668,-2.157299,0.026957,0.357420,0.302138,0.634510,3.147532,0.163242,-1.995073,-0.849884,-0.084455,-0.062421,-0.600322,0.782112,-0.781711
-3.465440,0.615048,1.995749,-1.021151,0.543540,0.501005,-0.000408,-0.437315,0.570355,-0.797843,-0.135992,2.221549,-2.802811,-0.414076,0.095168,-2.274542,0.149946,0.349130,0.431973,0.653123,3.452652,0.235480,-2.217649,-0.942250,-0.060895,0.019334,-0.700601,0.996406,-1.193144
-3.729612,0.701451,2.343147,0.219420,0.882684,0.051917,-0.102586,0.417453,0.709189,-1.411014,-0.269301,2.612659,-5.247848,0.267973,0.304631,-1.400431,0.437837,0.795284,0.693438,0.819356,5.821186,0.103533,-2.768497,-0.569047,-0.808690,0.055679,-0.643123,1.076308,-1.414004
-3.272830,0.801933,2.201126,0.208306,0.713219,-0.171535,-0.283414,0.455493,0.508095,-1.925049,-0.281717,2.768162,-5.522498,0.233932,0.221229,-0.926269,0.817128,0.583488,0.741258,0.880575,6.150855,-0.014986,-2.528591,-0.630037,-0.843858,-0.063487,-0.548520,1.042504,-1.066598
-2.359266,1.002898,1.917084,0.186078,0.374291,-0.618438,-0.645072,0.531573,0.105907,-2.953119,-0.306548,3.079167,-6.071800,0.165850,0.054424,0.022055,1.575712,0.159896,0.836899,1.003014,6.810195,-0.252024,-2.048779,-0.752017,-0.914193,-0.301820,-0.359315,0.974896,-0.371785
-2.828431,1.252177,2.368418,0.697485,0.099888,-0.590636,-0.885837,0.710567,0.184961,-5.220218,-0.574719,3.637665,-6.940783,0.060916,-0.308203,-0.044138,1.762227,0.284120,0.993713,1.715328,7.228813,-0.247992,-2.441576,-0.476999,-1.232084,0.091005,-0.142150,1.504057,-0.695679
-3.063013,1.376816,2.594085,0.953189,-0.037313,-0.576735,-1.006220,0.800064,0.224487,-6.353767,-0.708804,3.916914,-7.375274,0.008449,-0.489516,-0.077235,1.855484,0.346233,1.072120,2.071485,7.438123,-0.245976,-2.637974,-0.339490,-1.391029,0.287418,-0.033568,1.768638,-0.857627
-1.851218,1.248039,1.043974,0.452179,-0.611534,-0.772340,-1.145808,0.524373,0.238735,-4.268246,-0.205350,4.348526,-7.753096,1.420706,-0.597900,0.143112,2.765197,-0.638104,0.276814,2.952181,7.635652,-0.236514,-0.503964,-0.328778,-1.005934,-0.221980,0.043648,1.058756,-0.213246
-2.141966,1.466105,1.216043,0.390330,-0.889799,-0.571395,-1.304628,0.595834,0.256202,-4.139144,-0.345352,4.611598,-7.791092,1.747943,-1.138853,-0.131405,2.832532,-0.667184,0.115223,3.370101,7.414238,-0.110618,-0.722713,-0.355528,-1.301178,-0.079246,0.065712,1.206239,-0.447280
-2.723461,1.902236,1.560182,0.266631,-1.446328,-0.169503,-1.622269,0.738757,0.291134,-3.880942,-0.625355,5.137740,-7.867085,2.402417,-2.220758,-0.680439,2.967203,-0.725345,-0.207959,4.205942,6.971408,0.141174,-1.160211,-0.409029,-1.891665,0.206221,0.109839,1.501204,-0.915347
-2.799263,1.223365,0.714155,0.330889,-0.955105,0.022491,-0.949671,0.609674,0.278677,-1.364133,-0.222659,5.011098,-7.346347,1.640538,-1.498830,-1.296156,3.724074,-0.763789,-0.390282,3.846358,6.361845,0.213493,0.085862,-0.431954,-1.702193,-0.260431,-0.209390,1.029192,-0.982662
-2.837164,0.883930,0.291141,0.363018,-0.709493,0.118488,-0.613372,0.545133,0.272448,-0.105729,-0.021311,4.947777,-7.085978,1.259598,-1.137866,-1.604015,4.102510,-0.783010,-0.481443,3.666566,6.057063,0.249653,0.708899,-0.443417,-1.607456,-0.493758,-0.369005,0.793187,-1.016320
-1.934906,0.609124,0.104772,-0.131036,-0.294741,0.303903,-0.920707,0.659020,0.043707,-0.626807,0.282655,4.192550,-3.643248,0.408220,-0.552932,-1.576229,3.282917,-0.173065,-0.044576,2.573122,3.317610,-0.022309,0.311801,-0.996374,-0.094138,-0.161120,-0.100078,0.641559,-0.665799
-2.289220,0.476634,0.541264,-0.171583,-0.336368,0.323584,-1.033601,0.546210,0.029138,-0.707895,0.223796,3.854437,-3.450673,0.372196,-0.500367,-1.293967,2.960764,-0.219052,-0.080703,2.504605,2.799991,0.150954,0.120097,-1.332471,-0.284722,-0.160406,-0.153697,0.950964,-0.738277
-2.997848,0.211653,1.414248,-0.252676,-0.419624,0.362948,-1.259388,0.320589,0.000000,-0.870069,0.106080,3.178210,-3.065522,0.300148,-0.395236,-0.729443,2.316459,-0.311026,-0.152958,2.367570,1.764752,0.497478,-0.263312,-2.004665,-0.665891,-0.158977,-0.260934,1.569775,-0.883233
-2.428530,0.239915,1.166285,-0.373091,-0.310033,0.229868,-1.151229,0.431733,0.000000,-0.671276,0.271440,2.920457,-2.242289,0.310227,-0.217911,-0.535856,1.843883,-0.171006,0.027810,2.054825,1.152032,0.124403,-0.389058,-2.291857,0.170262,-0.094891,-0.178800,1.160418,-1.050105
-2.143872,0.254045,1.042303,-0.433299,-0.255237,0.163329,-1.097150,0.487306,0.000000,-0.571879,0.354120,2.791581,-1.830672,0.315267,-0.129248,-0.439063,1.607594,-0.100995,0.118193,1.898453,0.845672,-0.062134,-0.451931,-2.435453,0.588339,-0.062849,-0.137733,0.955740,-1.133541
-3.089333,0.185675,1.609799,-0.899007,-0.958691,0.041367,-1.759483,0.548522,0.000000,-1.583669,0.282379,2.579915,-2.695881,0.698683,0.223238,0.185307,1.310295,-0.169018,0.344229,2.131479,0.558386,-0.059030,-1.287864,-2.885361,0.075333,-0.018218,-0.100912,1.422971,-1.574825
-3.133541,0.244564,1.611413,-0.914573,-1.274797,-0.123452,-1.833638,0.325976,0.000000,-1.522031,0.117358,2.398474,-2.613854,0.631035,0.353082,0.301710,1.272700,-0.082547,0.287478,1.993290,0.382049,-0.015719,-1.367313,-3.003058,0.213331,-0.063356,-0.089574,1.384456,-1.812910
-3.221959,0.362341,1.614641,-0.945704,-1.907009,-0.453090,-1.981947,-0.119117,0.000000,-1.398754,-0.212685,2.035593,-2.449801,0.495738,0.612769,0.534518,1.197510,0.090396,0.173976,1.716913,0.029376,0.070903,-1.526211,-3.238453,0.489327,-0.153634,-0.066897,1.307425,-2.289079
-2.636997,0.611672,1.486356,-0.755663,-1.373177,-0.286125,-1.398658,0.185405,0.000000,-0.529258,-0.105008,1.560140,-1.942608,0.539838,0.365269,0.366840,0.947452,0.142831,0.168486,1.831960,-0.296848,-0.195422,-1.316954,-2.972577,0.515977,-0.373709,-0.132683,1.561235,-2.239822
-2.344515,0.736337,1.422214,-0.660643,-1.106261,-0.202642,-1.107014,0.337666,0.000000,-0.094510,-0.051169,1.322413,-1.689012,0.561888,0.241519,0.283002,0.822422,0.169048,0.165742,1.889484,-0.459959,-0.328585,-1.212325,-2.839639,0.529303,-0.483747,-0.165575,1.688139,-2.215193
-2.204672,1.160503,1.557187,-0.629386,-1.750109,-0.035070,-1.045723,0.044341,0.000000,-0.191188,-0.914000,0.844152,-1.562355,0.710138,0.256934,0.749710,0.766953,0.247189,0.110593,1.729403,-1.174167,-0.387114,-2.300671,-2.349828,0.908190,-0.913061,-0.494161,1.498390,-2.102211
-1.501631,1.454607,1.461700,-0.572253,-1.601497,0.006227,-0.888263,0.080629,0.000000,-0.384382,-0.943029,0.710610,-1.337492,0.817207,0.390219,0.725005,0.665313,0.153190,0.112232,1.642135,-0.927655,-0.315084,-1.791167,-2.145997,0.750138,-0.841953,-0.373078,1.493108,-1.961557
-0.095547,2.042814,1.270727,-0.457986,-1.304272,0.088821,-0.573343,0.153206,0.000000,-0.770770,-1.001086,0.443527,-0.887768,1.031347,0.656789,0.675597,0.462034,-0.034809,0.115511,1.467601,-0.434631,-0.171025,-0.772159,-1.738336,0.434036,-0.699738,-0.130911,1.482544,-1.680250
-0.031849,1.829267,1.589462,-0.161168,-1.530172,-0.247507,-0.543597,-0.049646,0.000000,-2.061020,-1.549292,0.367893,-1.160467,0.570613,1.721712,0.999349,0.252560,0.078436,0.157459,1.714523,-0.350501,0.072117,-0.284616,-1.297969,0.116943,-0.701022,0.191264,1.352970,-2.172582
0.000000,1.722493,1.748829,-0.012758,-1.643121,-0.415671,-0.528725,-0.151071,0.000000,-2.706145,-1.823394,0.330076,-1.296816,0.340245,2.254173,1.161225,0.147824,0.135058,0.178433,1.837984,-0.308436,0.193688,-0.040845,-1.077785,-0.041603,-0.701663,0.352352,1.288184,-2.418748
0.000000,1.141385,1.806645,0.104371,-1.967370,-0.672841,-0.832558,-0.527566,0.000000,-3.795784,-1.787953,-0.456666,-1.845739,3.347022,1.712074,1.272388,-0.094657,-0.670027,-0.145365,1.870501,-0.337665,0.176672,0.547440,-0.788196,-0.351102,-1.240254,0.575294,0.805852,-1.000435
0.000000,0.948244,1.429246,0.232307,-1.723074,-0.493774,-0.907691,-0.514945,0.000000,-3.053744,-1.383642,-0.382531,-1.553146,2.866174,1.599534,1.101025,-0.025920,-0.545516,-0.016792,1.729548,0.040815,0.195117,0.456875,-0.644604,-0.304410,-0.961877,0.442284,0.839471,-0.723195
0.000000,0.561962,0.674449,0.488177,-1.234483,-0.135639,-1.057955,-0.489703,0.000000,-1.569664,-0.575019,-0.234261,-0.967959,1.904479,1.374455,0.758298,0.111553,-0.296493,0.240354,1.447642,0.797777,0.232007,0.275744,-0.357420,-0.211028,-0.405124,0.176264,0.906708,-0.168715
0.000000,0.973956,0.620747,1.143962,-0.587233,-0.908688,-1.550153,-0.579434,-0.000238,-0.672709,-1.112779,-0.049799,-2.030874,1.066221,1.229406,1.279146,-0.248945,-0.537360,0.737648,2.224785,1.680816,0.634561,0.624240,-0.239116,-0.212270,-0.230965,0.078203,1.521592,-0.376341
0.000000,1.179954,0.593897,1.471855,-0.263607,-1.295213,-1.796253,-0.624300,-0.000358,-0.224231,-1.381660,0.042433,-2.562332,0.647092,1.156881,1.539570,-0.429195,-0.657793,0.986295,2.613357,2.122335,0.835837,0.798487,-0.179964,-0.212892,-0.143885,0.029173,1.829034,-0.480155
0.000000,0.676938,0.318030,1.032568,-0.703424,-0.618277,-1.183387,-0.735066,-0.005502,-0.526128,-0.313032,-0.125509,-1.358618,1.368264,1.183643,0.981549,-0.240410,-0.535081,0.571597,1.847785,1.286824,0.550175,0.839271,-0.006402,-0.097166,-0.096568,0.154273,1.148952,-0.400944
0.000000,0.819974,0.328034,1.017076,-0.947443,-0.883726,-1.068281,-0.869732,-0.003475,-0.272932,0.132480,-0.022942,-1.375134,1.892722,0.890883,1.229877,-0.381504,-0.474964,0.579145,2.097231,1.704243,0.681121,1.190900,0.268767,0.031976,-0.024719,0.194036,1.290408,-0.485101
0.000000,1.106045,0.348043,0.986092,-1.435483,-1.414624,-0.838070,-1.139064,0.000579,0.233459,1.023502,0.182194,-1.408167,2.941639,0.305363,1.726533,-0.663693,-0.354732,0.594241,2.596123,2.539083,0.943015,1.894159,0.819106,0.290259,0.118978,0.273562,1.573319,-0.653417
0.000000,0.076716,0.214146,2.290030,-0.444419,-1.640555,-1.307368,-1.126291,-0.325881,-1.225512,-0.768681,0.112711,-2.000008,0.320070,0.923156,1.654549,-0.784645,-0.280291,0.622000,2.395707,2.223271,0.874147,1.418199,0.995559,0.062240,0.301974,0.012422,1.105185,-0.392460
0.000000,-0.437948,0.147198,2.941998,0.051112,-1.753520,-1.542017,-1.119905,-0.489112,-1.954998,-1.664772,0.077970,-2.295928,-0.990715,1.232052,1.618558,-0.845121,-0.243070,0.635879,2.295499,2.065365,0.839714,1.180218,1.083786,-0.051769,0.393471,-0.118147,0.871117,-0.261982
0.000000,0.255889,-0.196788,1.149568,-0.405983,-0.945425,-0.496574,-0.725075,-0.072917,-0.379468,0.322891,-0.189210,-0.888090,0.696717,0.761697,1.201372,-0.681540,-0.310180,0.241790,1.904549,1.578569,0.536553,1.263496,0.605509,0.044067,0.310823,0.131479,0.494015,0.277773
0.000000,0.421444,-0.266469,1.232543,-0.122775,-1.111014,-0.351668,-0.617786,-0.186104,0.036972,0.188999,-0.128406,-0.954862,0.695437,0.902974,1.501774,-0.822312,-0.653138,0.266568,2.179016,1.923618,0.562595,1.517590,0.653848,0.111548,0.378357,0.238467,0.511240,0.667369
0.000000,0.752555,-0.405829,1.398493,0.443641,-1.442191,-0.061854,-0.403208,-0.412479,0.869851,-0.078785,-0.006799,-1.088405,0.692875,1.185528,2.102576,-1.103856,-1.339055,0.316124,2.727951,2.613716,0.614680,2.025778,0.750527,0.246511,0.513425,0.452444,0.545692,1.446560
0.000000,0.642542,-0.437996,0.840492,0.172460,-1.248142,-0.135274,-0.390152,0.129207,0.294267,0.390747,0.022572,-0.189266,0.532726,0.756477,1.694907,-0.866091,-0.662192,0.116421,2.384873,0.871799,0.498587,1.628173,0.603001,0.065395,0.390166,0.308328,0.329747,1.431020
0.000000,0.587535,-0.454080,0.561492,0.036870,-1.151117,-0.171983,-0.383624,0.400050,0.006475,0.625513,0.037258,0.260303,0.452652,0.541951,1.491072,-0.747208,-0.323760,0.016570,2.213334,0.000840,0.440540,1.429371,0.529237,-0.025163,0.328537,0.236270,0.221774,1.423250
0.000000,0.740371,-0.856320,0.748298,0.647249,-1.241388,0.175268,0.028440,0.421116,-0.470093,0.745658,0.275248,0.951619,0.411497,0.966214,1.679245,-1.087403,-0.242777,-0.149823,2.763315,0.000000,0.493737,1.611006,0.588096,-0.312612,0.342632,0.343407,0.088398,2.083415
0.000000,0.661181,-0.820137,0.714865,0.617760,-1.134074,0.167932,-0.091406,0.330663,-0.326042,0.833936,0.522506,1.023934,0.234038,0.825738,1.773735,-1.106465,-0.149870,-0.120997,2.892717,0.000000,0.447943,1.643797,0.693566,-0.474305,0.284307,0.326384,0.150065,2.262662
0.000000,0.502801,-0.747771,0.647998,0.558781,-0.919447,0.153260,-0.331098,0.149758,-0.037939,1.010492,1.017022,1.168563,-0.120881,0.544786,1.962715,-1.144588,0.035944,-0.063345,3.151520,0.000000,0.356355,1.709379,0.904507,-0.797691,0.167658,0.292338,0.273398,2.621157
0.000000,0.491688,-0.433047,0.353488,0.460442,-0.548616,0.141475,-0.194759,0.052139,0.422265,0.942681,1.084235,1.209910,-0.322870,0.163982,1.842879,-0.987659,0.063963,-0.081407,2.973067,0.000000,0.174260,1.557722,0.861892,-0.529150,0.174630,0.188525,0.031226,2.278147
0.000000,0.486132,-0.275685,0.206233,0.411272,-0.363200,0.135583,-0.126589,0.003330,0.652367,0.908775,1.117841,1.230583,-0.423865,-0.026420,1.782961,-0.909194,0.077973,-0.090437,2.883840,0.000000,0.083213,1.481894,0.840584,-0.394879,0.178116,0.136618,-0.089859,2.106642
0.000000,0.666954,-0.680028,0.094184,0.509530,0.128504,0.122194,-0.445850,0.005534,1.595415,1.508442,1.221907,2.057708,-1.586270,-0.386420,1.893146,-1.048933,0.534928,0.135904,2.619774,0.000000,-0.267645,1.916912,1.046736,-0.388298,0.113670,0.216798,-0.094401,2.110369
0.000000,0.551708,-0.522728,0.089782,0.406587,0.210522,0.058331,-0.307377,0.003690,1.691685,1.437697,0.818379,1.995822,-1.543184,-0.375049,1.841911,-1.038839,0.449781,0.086457,2.287290,0.000000,-0.300041,1.815075,1.048307,-0.352482,0.129324,0.172544,-0.127057,1.945168
0.000000,0.321218,-0.208129,0.080977,0.200701,0.374558,-0.069394,-0.030432,0.000000,1.884223,1.296208,0.011322,1.872050,-1.457011,-0.352309,1.739441,-1.018649,0.279487,-0.012435,1.622322,0.000000,-0.364834,1.611401,1.051449,-0.280849,0.160632,0.084035,-0.192370,1.614766
0.000000,0.017044,-0.425048,0.209606,-0.117156,0.602581,-0.215390,-0.330961,0.000000,2.176664,2.063897,0.003777,2.400697,-1.798407,-0.678144,1.798822,-1.273102,0.424531,0.162591,0.948250,0.000000,-0.589529,1.772688,1.276845,-0.283960,0.129788,0.183818,-0.015569,1.670001
0.000000,-0.135043,-0.533507,0.273921,-0.276085,0.716592,-0.288388,-0.481225,0.000000,2.322884,2.447741,0.000004,2.665021,-1.969105,-0.841062,1.828512,-1.400328,0.497053,0.250104,0.611215,0.000000,-0.701877,1.853331,1.389543,-0.285515,0.114366,0.233709,0.072831,1.697618
0.008823,-0.607155,-0.590461,0.377533,-0.301850,0.622963,-0.561820,0.298249,0.000000,2.263489,2.830095,0.000000,2.484144,-1.756606,-0.462873,1.855685,-1.690568,0.145686,0.370278,0.182476,0.000000,-0.708311,1.782653,1.320863,0.122104,0.296145,0.178782,-0.137034,1.249551
0.011259,-0.770168,-0.509154,0.399887,-0.336794,0.582755,-0.579525,0.300428,0.000000,2.129591,2.745503,0.000000,2.431035,-1.603219,-0.575424,1.763420,-1.702501,0.108521,0.324808,0.245789,0.000000,-0.631486,1.629078,1.215960,0.111682,0.343299,0.125245,-0.089352,1.143287
0.016133,-1.096194,-0.346541,0.444595,-0.406682,0.502340,-0.614935,0.304786,0.000000,1.861793,2.576319,0.000000,2.324817,-1.296445,-0.800527,1.578891,-1.726366,0.034192,0.233869,0.372416,0.000000,-0.477837,1.321929,1.006154,0.090838,0.437607,0.018173,0.006014,0.930758
0.166053,-2.886782,0.791782,1.232187,-0.362318,1.110377,-0.664721,0.597304,0.000000,1.100688,2.869393,0.000000,2.777274,-1.894792,-0.774336,3.165665,-3.924903,-0.359955,0.136233,1.022483,0.000000,-0.295738,1.157765,1.152520,1.202411,1.263464,-0.520161,-0.236762,0.919720
0.241013,-3.782076,1.360943,1.625984,-0.340136,1.414395,-0.689614,0.743563,0.000000,0.720136,3.015929,0.000000,3.003502,-2.193966,-0.761240,3.959051,-5.024171,-0.557029,0.087415,1.347517,0.000000,-0.204688,1.075684,1.225704,1.758197,1.676393,-0.789328,-0.358150,0.914202
-0.127412,-1.278654,-1.369870,0.364078,-1.208986,0.672005,-0.775665,0.176553,0.000000,2.535871,2.177904,-0.001792,2.107444,-0.798284,-1.501286,0.833520,-1.977063,0.159099,0.396162,0.645279,0.000000,-0.526081,0.792496,0.505551,-0.051008,0.028511,0.179473,0.484782,0.746624
0.586224,-2.080433,-1.095024,0.711160,-1.506538,1.114982,-0.823547,0.382558,0.000000,2.374392,2.042564,-0.065074,2.500410,-0.719965,-1.060008,1.197271,-3.005822,-0.142677,0.122664,0.814545,0.000000,-0.945865,0.662850,0.986082,-0.183955,0.032826,0.069189,0.742217,0.910901
2.013495,-3.683991,-0.545332,1.405326,-2.101641,2.000937,-0.919311,0.794570,0.000000,2.051432,1.771885,-0.191638,3.286343,-0.563327,-0.177451,1.924775,-5.063338,-0.746227,-0.424330,1.153078,0.000000,-1.785432,0.403558,1.947144,-0.449850,0.041457,-0.151379,1.257085,1.239456
2.091272,-3.283926,-1.488188,1.163939,-1.576113,1.705973,-0.772153,1.028422,0.000000,1.837885,0.999974,-0.374033,2.607501,-0.720897,-0.489962,1.394606,-3.779557,-0.553611,-0.194333,0.530956,0.000000,-1.382343,0.187124,1.179619,0.506352,-0.004592,-0.083080,0.477031,1.336578
2.130160,-3.083893,-1.959616,1.043245,-1.313349,1.558491,-0.698574,1.145348,0.000000,1.731112,0.614018,-0.465231,2.268080,-0.799682,-0.646217,1.129521,-3.137666,-0.457303,-0.079335,0.219895,0.000000,-1.180798,0.078907,0.795857,0.984453,-0.027616,-0.048930,0.087004,1.385139
2.069668,-2.584400,-1.585738,1.153446,-0.603749,0.941077,-0.037283,0.833543,0.000000,0.466089,-0.567005,-0.645100,1.612090,-0.099248,0.267046,0.836710,-2.440560,-0.394428,-0.004689,-0.174587,0.000000,-1.105871,-0.082566,0.831077,0.636469,0.151423,0.007371,0.014893,0.908954
2.347323,-2.771302,-1.779037,1.094345,-0.667066,1.049355,0.036305,0.855032,0.000000,0.439386,-0.894291,-0.647212,1.488518,-0.172752,0.313420,0.773900,-2.331277,-0.366236,-0.049214,-0.309027,0.000000,-1.160582,-0.079427,0.872539,0.761861,0.052320,0.050591,-0.125138,1.090649
2.902633,-3.145108,-2.165635,0.976143,-0.793700,1.265911,0.183479,0.898010,0.000000,0.385981,-1.548865,-0.651437,1.241373,-0.319760,0.406167,0.648279,-2.112712,-0.309851,-0.138264,-0.577909,0.000000,-1.270005,-0.073149,0.955463,1.012647,-0.145885,0.137032,-0.405201,1.454039
2.592582,-2.659541,-1.870643,0.884004,-0.253332,0.875864,0.431549,0.705580,0.000000,0.069072,-2.105103,-0.773753,0.965716,-0.022517,1.080154,0.674961,-1.674653,-0.103284,0.119226,-0.670294,0.000000,-1.258527,-0.063863,0.835414,0.876912,-0.098251,0.051906,-0.273302,0.995821
2.437556,-2.416758,-1.723148,0.837935,0.016851,0.680840,0.555584,0.609365,0.000000,-0.089382,-2.383221,-0.834911,0.827887,0.126104,1.417147,0.688301,-1.455624,0.000000,0.247971,-0.716486,0.000000,-1.252788,-0.059220,0.775389,0.809044,-0.074434,0.009343,-0.207353,0.766712
3.673786,-3.066641,-2.338193,0.566697,0.129486,0.950163,0.990257,0.838759,0.000000,0.411186,-3.503727,-0.918796,0.803944,-0.213585,2.518413,1.058704,-0.908532,0.000000,0.483470,-1.004716,0.000000,-1.213592,-0.025320,0.645040,1.391311,-0.310588,0.227795,-0.712879,1.036456
3.639394,-3.044910,-2.395728,0.653206,0.202105,0.877523,0.780050,0.848627,0.000000,0.076442,-3.565307,-0.882334,0.789850,-0.364656,2.381430,1.070863,-0.743864,0.000000,0.490966,-1.095108,0.000000,-1.146680,-0.102350,0.655965,1.310380,-0.337207,0.233494,-0.813355,0.941643
3.570610,-3.001449,-2.510800,0.826224,0.347342,0.732242,0.359634,0.868363,0.000000,-0.593047,-3.688467,-0.809410,0.761662,-0.666798,2.107463,1.095182,-0.414526,0.000000,0.505957,-1.275891,0.000000,-1.012856,-0.256408,0.677815,1.148519,-0.390446,0.244892,-1.014308,0.752016
2.931275,-2.283739,-2.035670,0.617665,0.332646,0.409822,0.446544,0.466596,0.000000,-0.601151,-3.177466,-0.860513,0.407043,-0.265589,1.600848,1.133221,-0.233643,0.000000,0.433205,-1.332179,0.000000,-1.080692,-0.064756,0.732076,0.919402,-0.259240,0.218616,-0.762000,0.414146
2.611608,-1.924884,-1.798106,0.513386,0.325298,0.248611,0.489999,0.265712,0.000000,-0.605203,-2.921966,-0.886064,0.229733,-0.064984,1.347540,1.152241,-0.143201,0.000000,0.396830,-1.360323,0.000000,-1.114610,0.031071,0.759206,0.804844,-0.193637,0.205478,-0.635846,0.245211
3.064363,-2.552197,-2.465757,0.435537,0.524769,0.420988,0.692181,0.574296,0.000000,-0.743659,-3.495126,-0.548092,0.422645,-0.613700,1.658980,1.443014,0.427519,0.000000,0.000000,-1.277407,0.000000,-1.185384,0.079776,0.667488,0.921472,-0.378378,0.344956,-1.215845,0.181840
2.755440,-2.113212,-2.175376,0.542143,0.365619,0.326064,0.647198,0.433194,0.000000,-0.800153,-3.231679,-0.570114,0.248337,-0.495526,1.270250,1.497328,0.474072,0.000000,0.000000,-1.198072,0.000000,-1.207067,0.051117,0.695560,0.697051,-0.306562,0.300642,-0.932086,0.000079
2.137594,-1.235243,-1.594615,0.755355,0.047320,0.136215,0.557232,0.150991,0.000000,-0.913142,-2.704786,-0.614158,-0.100279,-0.259177,0.492788,1.605957,0.567176,0.000000,0.000000,-1.039402,0.000000,-1.250432,-0.006201,0.751704,0.248207,-0.162928,0.212014,-0.364568,-0.363444
2.844438,-1.145223,-2.142947,0.626920,-0.579671,0.342084,0.851618,-0.084972,0.000000,-1.020495,-4.610721,-0.361985,0.029643,-0.683052,0.395063,1.669233,0.842719,0.000000,0.000000,-0.729289,0.000000,-1.219709,-0.305214,0.896981,0.144686,-0.331914,0.251400,-0.621504,-0.535606
3.197860,-1.100214,-2.417113,0.562702,-0.893167,0.445018,0.998811,-0.202954,0.000000,-1.074171,-5.563688,-0.235899,0.094603,-0.894989,0.346200,1.700871,0.980490,0.000000,0.000000,-0.574232,0.000000,-1.204348,-0.454720,0.969619,0.092925,-0.416407,0.271093,-0.749972,-0.621687
3.125837,-0.390757,-2.490069,0.290599,-1.405592,0.028650,0.846270,-1.267620,0.000000,0.033274,-7.805638,0.048827,0.174894,-1.719653,0.785615,0.985572,1.068639,0.000000,0.000000,-0.075295,0.000000,-1.791031,-0.486496,1.382654,-0.120778,-0.643209,-0.112573,0.005475,-1.186655
2.383906,-1.337168,-2.258617,0.204948,-0.984596,-0.018331,0.441482,-0.646713,0.000000,0.196743,-5.845653,0.160393,0.149657,-1.158704,0.845819,0.657048,0.901699,0.000000,0.000000,-0.075796,-0.000654,-1.825243,-0.291781,1.075493,-0.212681,-0.635161,-0.044554,0.024086,-0.875598
0.900042,-3.229991,-1.795712,0.033646,-0.142604,-0.112293,-0.368093,0.595100,0.000000,0.523682,-1.925683,0.383524,0.099181,-0.036806,0.966228,0.000000,0.567820,0.000000,0.000000,-0.076797,-0.001963,-1.893668,0.097647,0.461172,-0.396487,-0.619065,0.091486,0.061308,-0.253485
0.738126,-5.622603,-1.845917,-0.043033,0.683007,-0.578088,-0.341128,1.965396,0.000000,1.375015,-1.731800,0.865557,0.295652,-0.810923,1.945971,0.000000,1.327326,0.000000,0.000000,0.107739,-0.044285,-2.280352,0.220613,0.433568,-0.572283,-0.728041,0.152660,0.017383,0.005952
0.657168,-6.818908,-1.871019,-0.081373,1.095813,-0.810985,-0.327646,2.650544,0.000000,1.800681,-1.634858,1.106574,0.393888,-1.197981,2.435843,0.000000,1.707079,0.000000,0.000000,0.200007,-0.065446,-2.473694,0.282097,0.419766,-0.660181,-0.782529,0.183247,-0.004579,0.135671
2.826722,-0.798619,-2.933106,-0.766180,0.250736,-0.801794,0.949387,-0.086102,0.000000,-0.115829,-2.011815,0.705725,0.093387,-0.906712,-0.598656,0.000000,0.812266,0.000000,0.000000,0.478066,-0.038241,-1.566862,0.620795,0.447274,-0.646065,-0.219324,0.191863,-0.076529,-0.148253
2.629851,-2.146611,-2.681116,-0.796596,0.770423,-1.077655,1.114140,0.376273,0.000000,0.495265,-1.619052,0.969701,0.208319,-1.053737,0.243581,0.000000,1.274880,0.000000,0.000000,0.560447,-0.073820,-1.830032,0.653920,0.508158,-0.506273,-0.283394,0.228830,0.035109,0.017048
2.236110,-4.842596,-2.177137,-0.857429,1.809797,-1.629377,1.443645,1.301022,0.000000,1.717451,-0.833527,1.497653,0.438184,-1.347789,1.928055,0.000000,2.200109,0.000000,0.000000,0.725209,-0.144979,-2.356372,0.720170,0.629926,-0.226688,-0.411533,0.302764,0.258384,0.347650
2.415392,-3.628144,-2.590465,-1.099724,2.028708,-2.013253,1.404169,0.864801,0.000000,1.047008,-0.251843,1.562309,0.457691,-1.049755,0.934636,0.000000,2.338847,0.000000,0.000000,1.055986,-0.333387,-1.985405,0.691657,0.548104,-0.065105,-0.168809,0.298374,0.302255,0.309997
2.505033,-3.020918,-2.797129,-1.220872,2.138164,-2.205191,1.384431,0.646690,0.000000,0.711787,0.038999,1.594638,0.467445,-0.900739,0.437927,0.000000,2.408216,0.000000,0.000000,1.221374,-0.427591,-1.799921,0.677401,0.507192,0.015686,-0.047447,0.296179,0.324190,0.291170
2.240696,0.073954,-3.807437,-0.502431,0.878481,-1.838363,0.741203,-0.350903,0.000000,-1.078191,-0.310555,1.280183,0.568330,-0.288731,-0.742526,0.000000,1.333687,0.000000,0.000000,1.050661,-0.441706,-0.794421,0.487636,0.359742,-0.178741,0.270198,0.047365,0.001727,0.091761
2.366453,-0.017890,-3.274393,-0.417995,1.338750,-2.225264,1.172570,-0.745736,0.000000,-0.539136,-0.530128,0.915256,0.634103,-0.334912,0.156508,0.000000,1.808995,0.000000,0.000000,0.839702,-0.558300,-0.939237,0.483879,0.296457,-0.167993,0.221259,0.136203,-0.033380,0.221887
2.617969,-0.201577,-2.208306,-0.249122,2.259287,-2.999065,2.035304,-1.535402,0.000000,0.538974,-0.969274,0.185401,0.765649,-0.427274,1.954577,0.000000,2.759610,0.000000,0.000000,0.417784,-0.791488,-1.228869,0.476364,0.169888,-0.146497,0.123382,0.313880,-0.103596,0.482140
1.837155,-0.067834,-2.489438,-0.376570,1.958668,-2.731676,1.582538,-0.991253,0.000000,-0.076358,-1.082287,0.061803,0.798756,-0.237320,1.874263,0.000000,2.397798,0.000000,0.000000,0.310203,-1.069965,-0.808666,0.546650,0.309402,-0.188890,0.310868,0.266362,-0.185329,0.340528
1.446747,-0.000962,-2.630004,-0.440294,1.808358,-2.597982,1.356155,-0.719179,0.000000,-0.384024,-1.138794,0.000004,0.815309,-0.142343,1.834106,0.000000,2.216892,0.000000,0.000000,0.256412,-1.209204,-0.598564,0.581793,0.379159,-0.210086,0.404611,0.242603,-0.226196,0.269722
1.801275,-0.001001,-3.959107,-0.316654,1.078665,-3.216575,1.967631,-1.658674,0.000000,-0.082419,-1.340101,0.000000,0.943156,-0.001017,1.781901,0.000000,2.020469,0.000000,0.000000,0.705096,-1.853968,-0.706728,0.491370,-0.923377,0.446507,-0.087274,0.057419,-0.382472,0.424048
1.515883,-0.000668,-3.400122,-0.537936,1.674328,-3.127609,1.578876,-1.432570,0.000000,-0.373725,-1.018900,0.000000,1.164250,-0.120518,1.802827,0.000000,2.084106,0.000000,0.000000,0.644128,-1.626283,-0.380080,0.515741,-0.591642,0.060628,0.017247,0.068142,-0.364184,0.400038
0.945100,0.000000,-2.282152,-0.980498,2.865656,-2.949678,0.801365,-0.980361,0.000000,-0.956336,-0.376498,0.000000,1.606438,-0.359518,1.844679,0.000000,2.211381,0.000000,0.000000,0.522194,-1.170913,0.273217,0.564483,0.071828,-0.711130,0.226289,0.089588,-0.327607,0.352019
0.843288,0.000000,-2.016993,-0.468625,2.319604,-2.521134,0.794760,-0.896635,0.000000,-0.675877,-0.451591,0.000000,1.496788,-0.141394,1.471162,0.000000,1.773762,0.000000,0.000000,0.452127,-1.236209,0.204658,0.468293,0.134696,-0.643712,0.163637,0.042743,-0.470572,0.241684
0.792382,0.000000,-1.884413,-0.212688,2.046577,-2.306862,0.791458,-0.854772,0.000000,-0.535648,-0.489137,0.000000,1.441963,-0.032331,1.284404,0.000000,1.554952,0.000000,0.000000,0.417094,-1.268857,0.170378,0.420198,0.166130,-0.610003,0.132311,0.019320,-0.542055,0.186516
1.419835,0.000000,-1.503754,0.197398,2.333412,-2.356156,0.952370,-0.491777,0.000000,-0.686145,-0.153067,0.000000,2.056979,-0.907654,2.197691,0.000000,1.393086,0.000000,0.000000,0.749141,-0.595293,0.273979,0.349331,0.050051,-1.352835,0.311953,0.243112,-0.427615,0.500593
1.157369,0.000000,-1.469034,0.070233,2.173162,-1.812780,0.865062,-0.595628,0.000000,-0.660439,-0.047766,0.000000,1.852982,-0.617223,1.614651,0.000000,1.096001,0.000000,0.000000,0.819837,-0.634117,0.132664,0.326865,-0.122126,-1.185290,0.211411,0.204609,-0.490527,0.383487
0.632437,0.000000,-1.399595,-0.184098,1.852661,-0.726028,0.690445,-0.803331,0.000000,-0.609026,0.162838,0.000000,1.444988,-0.036362,0.448571,0.000000,0.501831,0.000000,0.000000,0.961229,-0.711765,-0.149966,0.281932,-0.466479,-0.850201,0.010326,0.127602,-0.616352,0.149276
1.340965,0.000000,-1.059500,-0.273026,2.219764,-0.242237,1.307847,-0.832134,-0.000027,-0.552752,0.946776,0.000000,1.908673,0.195976,0.175450,0.000000,0.242968,0.000000,0.000000,1.258010,-0.770855,-0.969034,0.452409,-0.811450,-0.289676,-0.312038,0.263344,-0.891347,0.015925
1.695229,0.000000,-0.889453,-0.317490,2.403316,-0.000342,1.616548,-0.846536,-0.000041,-0.524615,1.338746,0.000000,2.140515,0.312145,0.038890,0.000000,0.113536,0.000000,0.000000,1.406400,-0.800400,-1.378568,0.537647,-0.983935,-0.009414,-0.473220,0.331215,-1.028844,-0.050750
-0.491623,0.000000,-2.204382,-0.596883,1.298790,0.000000,-0.575763,-0.863170,0.000041,-0.980208,1.571497,0.000000,0.956224,-0.736585,-0.685403,0.000000,0.539471,0.000000,0.000000,0.747449,-0.103716,-0.084102,-0.258086,-3.042249,-0.033192,-0.182709,-0.236737,-1.416042,-0.464686
-0.053686,0.000000,-1.764200,-0.490616,1.332101,0.000000,-0.261397,-0.655936,0.000027,-0.966512,1.996436,0.000000,1.270763,-0.405936,-1.031294,0.000000,0.562471,0.000000,0.000000,0.877192,-0.120168,-0.290195,-0.238500,-3.112966,-0.037255,-0.183802,-0.243003,-1.689894,-0.285030
0.822187,0.000000,-0.883834,-0.278082,1.398723,0.000000,0.367336,-0.241467,0.000000,-0.939120,2.846312,0.000000,1.899841,0.255361,-1.723077,0.000000,0.608472,0.000000,0.000000,1.136677,-0.153072,-0.702379,-0.199327,-3.254400,-0.045380,-0.185986,-0.255534,-2.237598,0.074284
0.415692,0.000000,-1.374664,-0.814635,1.101029,0.000000,-0.343503,-0.101972,0.000000,-1.513971,3.568560,0.000000,1.518459,-0.631241,-2.099036,0.000000,1.017746,0.000000,0.000000,0.554836,0.257356,-0.221009,-0.531199,-3.131855,-0.149885,-0.013044,-0.501589,-2.490809,0.084727
0.212444,0.000000,-1.620079,-1.082911,0.952182,0.000000,-0.698923,-0.032225,0.000000,-1.801397,3.929685,0.000000,1.327769,-1.074541,-2.287015,0.000000,1.222383,0.000000,0.000000,0.263915,0.462570,0.019677,-0.697135,-3.070582,-0.202138,0.073427,-0.624616,-2.617414,0.089948
0.751721,0.000000,-0.294060,-0.510977,1.425126,0.000000,0.476686,-0.389196,0.000000,-0.868950,2.546607,0.000000,1.800630,0.038270,-1.902898,0.000000,1.115359,0.000000,0.000000,0.716568,0.044743,-0.489481,-0.421060,-3.003273,0.108534,0.179594,-0.357822,-2.357014,0.361010
0.734904,0.000000,-0.252525,-0.670628,1.558044,0.000000,0.322460,-0.556410,0.000000,-0.851566,2.678581,0.000000,1.820062,-0.189295,-2.070719,0.000000,1.246192,0.000000,0.000000,0.739499,0.066798,-0.500365,-0.429825,-2.737298,0.109119,0.207242,-0.345222,-2.341601,0.385868
0.701269,0.000000,-0.169455,-0.989930,1.823882,0.000000,0.014010,-0.890837,0.000000,-0.816799,2.942530,0.000000,1.858926,-0.644426,-2.406361,0.000000,1.507859,0.000000,0.000000,0.785362,0.110908,-0.522133,-0.447353,-2.205350,0.110291,0.262536,-0.320024,-2.310776,0.435584
0.195248,0.000000,-0.148474,-0.758818,1.546304,0.000000,0.285182,-1.169675,0.000000,-0.531839,3.559397,0.000000,1.466891,-0.666526,-2.259243,0.000000,1.801906,0.001997,0.000000,0.297471,0.143821,-0.535592,-0.582067,-1.729586,0.598998,0.255976,-0.357398,-2.307236,0.211079
-0.057763,0.000000,-0.137984,-0.643262,1.407515,0.000000,0.420769,-1.309094,0.000000,-0.389358,3.867831,0.000000,1.270874,-0.677576,-2.185684,0.000000,1.948929,0.002996,0.000000,0.053526,0.160278,-0.542322,-0.649424,-1.491703,0.843351,0.252695,-0.376085,-2.305465,0.098826
-0.168527,0.000000,-0.066558,-0.577771,0.781281,0.000000,0.140010,-0.515755,0.000000,-0.001341,2.233760,0.000000,0.566954,-0.652782,-1.768321,0.000000,1.619033,0.018650,0.000000,0.400790,0.614126,-0.302852,-0.551891,-1.555406,0.544681,0.375107,-0.187672,-1.491523,-0.090238
-0.303843,0.637821,-0.026257,-0.642514,0.589813,0.000000,0.286652,-0.547711,0.000000,0.110175,1.906626,0.000000,0.335265,-0.769629,-1.751006,0.000000,1.703322,0.187247,0.000000,0.327623,0.826421,-0.414111,-0.556449,-1.296064,0.739557,0.291117,-0.189631,-1.479948,-0.182461
-0.574476,1.913463,0.054345,-0.772001,0.206877,0.000000,0.579935,-0.611624,0.000000,0.333207,1.252357,0.000000,-0.128111,-1.003323,-1.716378,0.000000,1.871899,0.524441,0.000000,0.181289,1.251011,-0.636627,-0.565563,-0.777381,1.129308,0.123138,-0.193551,-1.456799,-0.366909
-0.451869,1.942226,0.051501,-0.767924,0.182650,0.000000,0.205643,-0.242962,0.000000,0.393179,0.568634,0.000000,-0.320075,-0.778480,-1.385330,0.000000,1.633570,0.653224,0.000000,0.367086,1.320546,-0.351491,-0.312735,-0.781083,0.871196,0.064641,-0.102899,-0.766246,-0.254845
-0.390566,1.956607,0.050079,-0.765885,0.170537,0.000000,0.018497,-0.058632,0.000000,0.423165,0.226772,0.000000,-0.416056,-0.666059,-1.219806,0.000000,1.514406,0.717616,0.000000,0.459985,1.355313,-0.208924,-0.186321,-0.782934,0.742139,0.035392,-0.057574,-0.420969,-0.198812
-0.766928,3.107568,0.161297,-0.787494,0.047724,0.000000,0.281036,-0.040294,0.000000,0.996755,0.839753,0.000000,-0.638972,-0.702744,-1.055187,0.000000,1.669106,1.004503,0.000000,0.449352,1.578641,-0.504535,-0.386260,0.120559,0.791507,-0.676962,-0.346823,0.169875,-0.217307
-0.721598,3.070492,0.200193,-0.747323,0.069832,0.000000,0.148716,-0.116892,0.000000,0.989966,1.102495,0.000000,-0.629853,-0.763955,-0.805302,0.000000,1.519126,0.970692,0.000000,0.349181,1.698450,-0.619042,-0.436026,0.468897,0.574998,-0.712156,-0.379301,0.145494,-0.155514
-0.630938,2.996339,0.277984,-0.666980,0.114048,0.000000,-0.115925,-0.270088,0.000000,0.976388,1.627979,0.000000,-0.611615,-0.886377,-0.305533,0.000000,1.219166,0.903070,0.000000,0.148838,1.938068,-0.848057,-0.535558,1.165573,0.141980,-0.782545,-0.444256,0.096732,-0.031928
-0.545532,2.696003,0.225036,-0.387451,-0.357297,0.000000,0.048794,-0.028521,-0.130301,0.831029,0.933614,0.000000,-0.764929,-0.593613,-0.957880,0.000000,0.992987,0.706148,0.000000,0.110326,1.725413,-0.449491,-0.393928,1.288160,0.016310,-0.666568,-0.418132,0.449158,0.059001
-0.502828,2.545835,0.198562,-0.247686,-0.592969,0.000000,0.131153,0.092262,-0.195451,0.758350,0.586431,0.000000,-0.841586,-0.447232,-1.284054,0.000000,0.879897,0.607687,0.000000,0.091070,1.619085,-0.250208,-0.323113,1.349453,-0.046525,-0.608580,-0.405070,0.625371,0.104465
-0.577475,4.583693,0.457932,-0.184419,-0.794044,0.000000,0.232885,0.228983,-0.249465,0.510879,0.887865,0.000000,-0.950446,-0.407306,-1.328270,0.000000,0.818886,0.715760,0.000000,-0.415664,0.643859,-0.669825,-0.896244,3.677941,-1.269116,-0.655088,-0.382185,0.141010,0.992295
-0.631969,3.977773,0.826032,0.148805,-0.898979,0.075428,0.252673,0.107860,-0.291125,0.703369,0.815175,0.000000,-0.511672,-0.389910,-1.312928,0.000000,0.777499,0.488321,0.000000,-0.461081,0.429239,-0.624250,-0.710505,2.803602,-1.002827,-0.516743,-0.327349,0.121423,0.735255
-0.740958,2.765932,1.562233,0.815253,-1.108848,0.226284,0.292250,-0.134388,-0.374444,1.088351,0.669794,0.000000,0.365877,-0.355117,-1.282245,0.000000,0.694726,0.033443,0.000000,-0.551916,0.000000,-0.533101,-0.339028,1.054924,-0.470249,-0.240054,-0.217675,0.082249,0.221175
-0.669440,4.159637,1.400323,0.364645,-1.139777,0.373115,0.069281,-0.224093,-0.291173,0.210489,-0.366385,0.000000,-0.532143,-0.107523,-0.458408,0.000000,0.739052,0.306654,0.000000,-0.779930,0.000000,-0.424357,-0.577368,3.138944,-0.853435,-0.277469,-0.200111,0.322521,0.952912
-0.633681,4.856490,1.319368,0.139342,-1.155242,0.446531,-0.042204,-0.268945,-0.249538,-0.228442,-0.884475,0.000000,-0.981153,0.016274,-0.046489,0.000000,0.761215,0.443259,0.000000,-0.893937,0.000000,-0.369985,-0.696537,4.180955,-1.045027,-0.296176,-0.191329,0.442656,1.318781
-0.972142,3.975767,1.899827,1.076677,-1.515051,1.867248,0.234059,-0.880623,-0.273691,-0.014462,-1.059870,0.000000,-0.570313,0.055674,-0.111622,0.000000,-0.550995,-0.038471,0.000000,-0.487879,0.000000,0.042621,-0.389503,2.529407,0.304106,0.147192,0.049314,0.519455,1.149677
-0.901727,3.592249,1.670377,0.990257,-1.399535,1.783033,0.114062,-0.802899,-0.489474,0.022744,-1.101013,0.000000,-0.453357,0.096450,-0.230158,0.000000,-0.704085,-0.108005,0.000000,-0.428147,0.000000,0.078563,-0.329950,2.132531,0.394591,0.120889,0.076832,0.619812,0.959734
-0.760898,2.825212,1.211479,0.817417,-1.168502,1.614603,-0.125933,-0.647451,-0.921041,0.097157,-1.183301,0.000000,-0.219444,0.178002,-0.467231,0.000000,-1.010263,-0.247073,0.000000,-0.308683,0.000000,0.150447,-0.210843,1.338779,0.575561,0.068283,0.131867,0.820525,0.579849
-1.092323,2.934641,1.171801,0.907845,-0.809578,2.084346,-0.490281,-0.874642,-1.239400,0.120600,-1.450254,0.000000,-0.127151,0.511097,-0.037888,0.000000,-1.552646,-0.301276,0.000000,-0.566785,0.000000,0.304236,-0.441899,1.142335,0.586107,0.110781,0.055810,0.728184,0.760078
-1.258036,2.989356,1.151962,0.953059,-0.630116,2.319218,-0.672456,-0.988238,-1.398579,0.132322,-1.583730,0.000000,-0.081004,0.677644,0.176783,0.000000,-1.823838,-0.328377,0.000000,-0.695837,0.000000,0.381130,-0.557427,1.044113,0.591380,0.132030,0.017782,0.682013,0.850192
-1.133444,1.783968,1.063467,1.000013,-0.406035,1.603792,-0.453414,-1.087849,-1.512958,0.454459,-1.136967,0.000000,0.184044,0.391375,-0.659999,0.000000,-1.382178,-0.283744,0.000000,-0.676317,0.000000,0.074611,0.146899,0.515403,0.404184,-0.035802,0.193413,0.742239,0.028225
-1.187449,1.814083,1.087660,0.957873,-0.163297,1.631571,-0.579810,-1.103220,-1.568025,0.529179,-1.192572,0.000000,0.179348,0.524718,-0.796182,0.000000,-1.458803,-0.227473,0.000000,-0.763246,0.000000,0.141960,0.216493,0.466528,0.338175,0.053128,0.177136,0.647482,0.049709
-1.295459,1.874312,1.136044,0.873594,0.322179,1.687130,-0.832603,-1.133963,-1.678159,0.678617,-1.303782,0.000000,0.169954,0.791404,-1.068549,0.000000,-1.612053,-0.114933,0.000000,-0.937104,0.000000,0.276657,0.355681,0.368777,0.206158,0.230990,0.144581,0.457966,0.092678
-0.998990,1.749550,1.500260,0.885461,-0.249155,1.400152,-0.408699,-1.690170,-1.578727,0.782109,-1.170553,0.000000,0.079095,0.862594,-2.145990,0.000000,-1.664306,-0.010148,0.000000,-0.748367,0.000000,0.367649,0.403823,0.507261,-0.067104,0.343354,0.262639,0.731619,0.045803
-0.850755,1.687169,1.682368,0.891395,-0.534822,1.256663,-0.196747,-1.968273,-1.529011,0.833855,-1.103938,0.000000,0.033665,0.898189,-2.684710,0.000000,-1.690432,0.042244,0.000000,-0.653999,0.000000,0.413145,0.427894,0.576502,-0.203734,0.399537,0.321668,0.868446,0.022365
-0.625472,1.088732,1.049801,0.628866,-0.132844,0.950501,-0.366781,-1.430231,-1.188183,0.554129,-0.675229,0.000000,-0.267554,0.514786,-0.978447,0.000000,-1.201523,-0.045369,-0.018862,-0.597655,-0.122649,0.297932,0.535668,0.609062,-0.061563,0.176033,0.148638,0.806338,-0.204925
-0.541242,0.995907,1.246968,0.649689,-0.049016,0.763786,-0.300482,-1.370249,-1.177142,0.554215,-0.529627,0.000000,-0.332124,0.612623,-1.060446,0.000000,-1.125217,-0.012280,-0.142218,-0.519533,-0.254566,0.401158,0.630558,0.568341,-0.165577,0.268031,0.195688,0.940087,-0.303389
-0.372780,0.810256,1.641303,0.691335,0.118640,0.390355,-0.167884,-1.250286,-1.155061,0.554387,-0.238424,0.000000,-0.461264,0.808295,-1.224444,0.000000,-0.972605,0.053899,-0.388930,-0.363288,-0.518400,0.607610,0.820338,0.486901,-0.373603,0.452026,0.289789,1.207585,-0.500316
-0.308059,0.644540,1.705110,0.640115,0.097387,0.333033,-0.177734,-1.140812,-0.970992,0.521799,-0.061316,0.000000,-0.516734,0.671201,-1.099672,0.000000,-0.781868,0.083425,-0.579487,-0.301477,-0.798366,0.390135,0.812389,0.512794,-0.447111,0.413610,0.198043,1.296247,-0.675175
-0.275698,0.561682,1.737014,0.614505,0.086760,0.304372,-0.182659,-1.086075,-0.878957,0.505504,0.027238,0.000000,-0.544469,0.602655,-1.037286,0.000000,-0.686499,0.098188,-0.674765,-0.270571,-0.938349,0.281397,0.808414,0.525741,-0.483866,0.394402,0.152169,1.340577,-0.762604
-0.218143,0.373801,1.354208,0.420679,-0.033561,0.335199,-0.402997,-0.905016,-0.563220,0.438524,0.493786,0.000000,-0.623817,0.200583,-0.575958,0.000000,-0.462471,0.064761,-0.516638,-0.256945,-1.098009,0.010143,0.626062,0.695911,-0.264869,0.167252,0.017558,1.173723,-0.882747
-0.174193,0.368364,1.472284,0.370340,-0.093039,0.271069,-0.416239,-0.898051,-0.556877,0.499661,0.676293,0.000000,-0.699099,0.111049,-0.550610,0.000000,-0.499044,0.097959,-0.503921,-0.261664,-1.056569,0.026902,0.680466,0.762630,-0.298160,0.264993,0.060629,1.189254,-0.792153
-0.086291,0.357490,1.708437,0.269664,-0.211996,0.142807,-0.442722,-0.884121,-0.544192,0.621933,1.041307,0.000000,-0.849664,-0.068018,-0.499912,0.000000,-0.572188,0.164354,-0.478489,-0.271101,-0.973689,0.060422,0.789274,0.896069,-0.364744,0.460475,0.146771,1.220317,-0.610966
-0.052426,0.180888,1.559243,0.096731,-0.249165,0.031442,-0.531411,-0.542425,-0.270388,0.549855,1.191642,0.000000,-0.945327,-0.141890,-0.357639,0.000000,-0.271036,0.165816,-0.429840,-0.211692,-1.115190,0.009112,0.753924,0.631908,-0.178074,0.344995,0.076683,1.187801,-0.758424
-0.035493,0.092587,1.484646,0.010264,-0.267749,-0.024241,-0.575756,-0.371576,-0.133485,0.513817,1.266809,0.000000,-0.993159,-0.178826,-0.286502,0.000000,-0.120460,0.166547,-0.405516,-0.181988,-1.185940,-0.016543,0.736248,0.499827,-0.084740,0.287255,0.041640,1.171542,-0.832154
-0.016174,0.000813,1.159157,-0.396609,-0.255472,-0.398848,-0.770211,-0.116772,0.049851,0.361272,1.316514,0.000000,-1.113106,-0.382133,-0.141603,0.000000,0.286463,0.133418,-0.333120,-0.114563,-1.553091,-0.249916,0.643631,0.221803,0.132272,0.112823,-0.107659,1.096770,-1.336588
-0.008470,-0.010476,1.107523,-0.415266,-0.210498,-0.395765,-0.746972,-0.076129,0.058382,0.344499,1.213429,0.000000,-1.072443,-0.276449,-0.148831,0.000000,0.304605,0.135852,-0.320732,-0.078386,-1.437505,-0.218162,0.553059,0.157309,0.129857,0.101696,-0.109420,1.041894,-1.260345
0.006938,-0.033054,1.004255,-0.452580,-0.120549,-0.389599,-0.700495,0.005155,0.075445,0.310953,1.007259,0.000000,-0.991117,-0.065082,-0.163287,0.000000,0.340890,0.140720,-0.295957,-0.006030,-1.206333,-0.154653,0.371916,0.028322,0.125025,0.079443,-0.112942,0.932143,-1.107859
0.030385,-0.112343,0.902213,-0.501132,-0.074086,-0.375199,-0.649916,0.077456,0.108244,0.276009,0.836683,0.000000,-0.901049,0.021604,-0.178136,0.000000,0.392119,0.142944,-0.267929,0.039072,-1.005400,-0.116505,0.288431,-0.007213,0.116934,0.068500,-0.116594,0.831249,-0.954785
0.042108,-0.151987,0.851192,-0.525407,-0.050854,-0.367999,-0.624627,0.113606,0.124643,0.258538,0.751395,0.000000,-0.856015,0.064946,-0.185561,0.000000,0.417733,0.144056,-0.253915,0.061623,-0.904933,-0.097431,0.246689,-0.024980,0.112889,0.063029,-0.118421,0.780802,-0.878249
0.021685,-0.079764,0.788975,-0.518226,-0.056788,-0.382931,-0.537855,0.114554,0.119465,0.262310,0.650257,0.000000,-0.800601,0.068282,-0.176754,0.000000,0.444775,0.158101,-0.255607,0.055855,-0.797196,-0.035597,0.088078,-0.037634,0.119545,0.031516,-0.105301,0.668296,-0.819285
0.012350,-0.053813,0.772143,-0.503877,-0.065636,-0.388704,-0.507241,0.105502,0.112054,0.268269,0.625615,0.000000,-0.783130,0.064256,-0.170883,0.000000,0.448335,0.165684,-0.259368,0.049043,-0.770748,-0.014236,0.055366,-0.062803,0.123000,0.024895,-0.098685,0.634028,-0.805304
-0.006319,-0.001912,0.738478,-0.475178,-0.083332,-0.400252,-0.446011,0.087398,0.097231,0.280185,0.576332,0.000000,-0.748190,0.056205,-0.159140,0.000000,0.455455,0.180851,-0.266889,0.035419,-0.717850,0.028487,-0.010057,-0.113139,0.129909,0.011653,-0.085453,0.565491,-0.777343
-0.011921,-0.001346,0.674528,-0.443234,-0.089015,-0.390583,-0.389996,0.079867,0.087965,0.271292,0.509755,0.000000,-0.685519,0.052966,-0.145955,0.000000,0.447754,0.183844,-0.256557,0.030296,-0.640174,0.051118,-0.026077,-0.160275,0.128650,0.008775,-0.075250,0.495012,-0.713274
-0.014723,-0.001064,0.642552,-0.427262,-0.091857,-0.385748,-0.361989,0.076102,0.083333,0.266846,0.476467,0.000000,-0.654184,0.051347,-0.139363,0.000000,0.443904,0.185340,-0.251392,0.027734,-0.601337,0.062433,-0.034088,-0.183843,0.128021,0.007336,-0.070148,0.459773,-0.681239
-0.017523,-0.000509,0.521946,-0.353872,-0.082961,-0.330846,-0.279704,0.061846,0.067037,0.227614,0.373607,0.000000,-0.533003,0.042897,-0.113656,0.000000,0.382640,0.163107,-0.213306,0.020743,-0.476161,0.070173,-0.051758,-0.181547,0.110883,0.003831,-0.054704,0.355780,-0.555829
-0.016956,-0.000403,0.475965,-0.323687,-0.076670,-0.304085,-0.252733,0.056402,0.061031,0.209058,0.338559,0.000000,-0.486289,0.039288,-0.103711,0.000000,0.351907,0.150361,-0.195781,0.018612,-0.432287,0.066971,-0.052608,-0.168609,0.102036,0.003061,-0.049519,0.321568,-0.507230
-0.015823,-0.000190,0.384004,-0.263319,-0.064088,-0.250563,-0.198793,0.045514,0.049020,0.171945,0.268463,0.000000,-0.392861,0.032071,-0.083821,0.000000,0.290442,0.124868,-0.160731,0.014351,-0.344537,0.060565,-0.054308,-0.142734,0.084341,0.001521,-0.039151,0.253146,-0.410033
-0.012495,-0.000093,0.284453,-0.195725,-0.048030,-0.187114,-0.145514,0.033718,0.036241,0.128326,0.197297,0.000000,-0.291181,0.023870,-0.062138,0.000000,0.217006,0.093459,-0.119882,0.010395,-0.253819,0.046982,-0.045176,-0.106706,0.063045,0.000751,-0.028731,0.185377,-0.303989
-0.010831,-0.000044,0.234678,-0.161929,-0.040002,-0.155389,-0.118875,0.027820,0.029851,0.106516,0.161713,0.000000,-0.240341,0.019770,-0.051296,0.000000,0.180288,0.077754,-0.099457,0.008418,-0.208460,0.040191,-0.040610,-0.088692,0.052397,0.000366,-0.023521,0.151493,-0.250967
-0.003835,-0.000003,0.078918,-0.054604,-0.013554,-0.052573,-0.039558,0.009356,0.010022,0.036024,0.054010,0.000000,-0.080861,0.006673,-0.017261,0.000000,0.061017,0.026339,-0.033622,0.002773,-0.069773,0.014006,-0.014983,-0.029856,0.017738,0.000025,-0.007845,0.050432,-0.084454
-0.002557,-0.000002,0.052612,-0.036403,-0.009036,-0.035049,-0.026372,0.006237,0.006681,0.024016,0.036007,0.000000,-0.053908,0.004449,-0.011507,0.000000,0.040678,0.017559,-0.022415,0.001849,-0.046515,0.009338,-0.009989,-0.019904,0.011825,0.000017,-0.005230,0.033621,-0.056303
0.000000,0.000000,0.000000,0.000000,0.000000,0.000000,0.000000,0.000000,0.000000,0.000000,0.000000,0.000000,0.000000,0.000000,0.000000,0.000000,0.000000,0.000000,0.000000,0.000000,0.000000,0.000000,0.000000,0.000000,0.000000,0.000000,0.000000,0.000000,0.000000
0.000000,0.000000,0.000000,0.000000,0.000000,0.000000,0.000000,0.000000,0.000000,0.000000,0.000000,0.000000,0.000000,0.000000,0.000000,0.000000,0.000000,0.000000,0.000000,0.000000,0.000000,0.000000,0.000000,0.000000,0.000000,0.000000,0.000000,0.000000,0.000000
0.000000,0.000000,0.000000,0.000000,0.000000,0.000000,0.000000,0.000000,0.000000,0.000000,0.000000,0.000000,0.000000,0.000000,0.000000,0.000000,0.000000,0.000000,0.000000,0.000000,0.000000,0.000000,0.000000,0.000000,0.000000,0.000000,0.000000,0.000000,0.000000
0.000000,0.000000,0.000000,0.000000,0.000000,0.000000,0.000000,0.000000,0.000000,0.000000,0.000000,0.000000,0.000000,0.000000,0.000000,0.000000,0.000000,0.000000,0.000000,0.000000,0.000000,0.000000,0.000000,0.000000,0.000000,0.000000,0.000000,0.000000,0.000000
0.000000,0.000000,0.000000,0.000000,0.000000,0.000000,0.000000,0.000000,0.000000,0.000000,0.000000,0.000000,0.000000,0.000000,0.000000,0.000000,0.000000,0.000000,0.000000,0.000000,0.000000,0.000000,0.000000,0.000000,0.000000,0.000000,0.000000,0.000000,0.000000
0.000000,0.000000,0.000000,0.000000,0.000000,0.000000,0.000000,0.000000,0.000000,0.000000,0.000000,0.000000,0.000000,0.000000,0.000000,0.000000,0.000000,0.000000,0.000000,0.000000,0.000000,0.000000,0.000000,0.000000,0.000000,0.000000,0.000000,0.000000,0.000000
0.000000,0.000000,0.000000,0.000000,0.000000,0.000000,0.000000,0.000000,0.000000,0.000000,0.000000,0.000000,0.000000,0.000000,0.000000,0.000000,0.000000,0.000000,0.000000,0.000000,0.000000,0.000000,0.000000,0.000000,0.000000,0.000000,0.000000,0.000000,0.000000
0.000000,0.000000,0.000000,0.000000,0.000000,0.000000,0.000000,0.000000,0.000000,0.000000,0.000000,0.000000,0.000000,0.000000,0.000000,0.000000,0.000000,0.000000,0.000000,0.000000,0.000000,0.000000,0.000000,0.000000,0.000000,0.000000,0.000000,0.000000,0.000000
0.000000,0.000000,0.000000,0.000000,0.000000,0.000000,0.000000,0.000000,0.000000,0.000000,0.000000,0.000000,0.000000,0.000000,0.000000,0.000000,0.000000,0.000000,0.000000,0.000000,0.000000,0.000000,0.000000,0.000000,0.000000,0.000000,0.000000,0.000000,0.000000
0.000000,0.000000,0.000000,0.000000,0.000000,0.000000,0.000000,0.000000,0.000000,0.000000,0.000000,0.000000,0.000000,0.000000,0.000000,0.000000,0.000000,0.000000,0.000000,0.000000,0.000000,0.000000,0.000000,0.000000,0.000000,0.000000,0.000000,0.000000,0.000000
0.000000,0.000000,0.000000,0.000000,0.000000,0.000000,0.000000,0.000000,0.000000,0.000000,0.000000,0.000000,0.000000,0.000000,0.000000,0.000000,0.000000,0.000000,0.000000,0.000000,0.000000,0.000000,0.000000,0.000000,0.000000,0.000000,0.000000,0.000000,0.000000
0.000000,0.000000,0.000000,0.000000,0.000000,0.000000,0.000000,0.000000,0.000000,0.000000,0.000000,0.000000,0.000000,0.000000,0.000000,0.000000,0.000000,0.000000,0.000000,0.000000,0.000000,0.000000,0.000000,0.000000,0.000000,0.000000,0.000000,0.000000,0.000000
0.000000,0.000000,0.000000,0.000000,0.000000,0.000000,0.000000,0.000000,0.000000,0.000000,0.000000,0.000000,0.000000,0.000000,0.000000,0.000000,0.000000,0.000000,0.000000,0.000000,0.000000,0.000000,0.000000,0.000000,0.000000,0.000000,0.000000,0.000000,0.000000
0.000000,0.000000,0.000000,0.000000,0.000000,0.000000,0.000000,0.000000,0.000000,0.000000,0.000000,0.000000,0.000000,0.000000,0.000000,0.000000,0.000000,0.000000,0.000000,0.000000,0.000000,0.000000,0.000000,0.000000,0.000000,0.000000,0.000000,0.000000,0.000000
0.000000,0.000000,0.000000,0.000000,0.000000,0.000000,0.000000,0.000000,0.000000,0.000000,0.000000,0.000000,0.000000,0.000000,0.000000,0.000000,0.000000,0.000000,0.000000,0.000000,0.000000,0.000000,0.000000,0.000000,0.000000,0.000000,0.000000,0.000000,0.000000
0.000000,0.000000,0.000000,0.000000,0.000000,0.000000,0.000000,0.000000,0.000000,0.000000,0.000000,0.000000,0.000000,0.000000,0.000000,0.000000,0.000000,0.000000,0.000000,0.000000,0.000000,0.000000,0.000000,0.000000,0.000000,0.000000,0.000000,0.000000,0.000000
0.000000,0.000000,0.000000,0.000000,0.000000,0.000000,0.000000,0.000000,0.000000,0.000000,0.000000,0.000000,0.000000,0.000000,0.000000,0.000000,0.000000,0.000000,0.000000,0.000000,0.000000,0.000000,0.000000,0.000000,0.000000,0.000000,0.000000,0.000000,0.000000
0.000000,0.000000,0.000000,0.000000,0.000000,0.000000,0.000000,0.000000,0.000000,0.000000,0.000000,0.000000,0.000000,0.000000,0.000000,0.000000,0.000000,0.000000,0.000000,0.000000,0.000000,0.000000,0.000000,0.000000,0.000000,0.000000,0.000000,0.000000,0.000000
0.000000,0.000000,0.000000,0.000000,0.000000,0.000000,0.000000,0.000000,0.000000,0.000000,0.000000,0.000000,0.000000,0.000000,0.000000,0.000000,0.000000,0.000000,0.000000,0.000000,0.000000,0.000000,0.000000,0.000000,0.000000,0.000000,0.000000,0.000000,0.000000
0.000000,0.000000,0.000000,0.000000,0.000000,0.000000,0.000000,0.000000,0.000000,0.000000,0.000000,0.000000,0.000000,0.000000,0.000000,0.000000,0.000000,0.000000,0.000000,0.000000,0.000000,0.000000,0.000000,0.000000,0.000000,0.000000,0.000000,0.000000,0.000000
0.000000,0.000000,0.000000,0.000000,0.000000,0.000000,0.000000,0.000000,0.000000,0.000000,0.000000,0.000000,0.000000,0.000000,0.000000,0.000000,0.000000,0.000000,0.000000,0.000000,0.000000,0.000000,0.000000,0.000000,0.000000,0.000000,0.000000,0.000000,0.000000
0.000000,0.000000,0.000000,0.000000,0.000000,0.000000,0.000000,0.000000,0.000000,0.000000,0.000000,0.000000,0.000000,0.000000,0.000000,0.000000,0.000000,0.000000,0.000000,0.000000,0.000000,0.000000,0.000000,0.000000,0.000000,0.000000,0.000000,0.000000,0.000000
0.000000,0.000000,0.000000,0.000000,0.000000,0.000000,0.000000,0.000000,0.000000,0.000000,0.000000,0.000000,0.000000,0.000000,0.000000,0.000000,0.000000,0.000000,0.000000,0.000000,0.000000,0.000000,0.000000,0.000000,0.000000,0.000000,0.000000,0.000000,0.000000
0.000000,0.000000,0.000000,0.000000,0.000000,0.000000,0.000000,0.000000,0.000000,0.000000,0.000000,0.000000,0.000000,0.000000,0.000000,0.000000,0.000000,0.000000,0.000000,0.000000,0.000000,0.000000,0.000000,0.000000,0.000000,0.000000,0.000000,0.000000,0.000000
0.000000,0.000000,0.000000,0.000000,0.000000,0.000000,0.000000,0.000000,0.000000,0.000000,0.000000,0.000000,0.000000,0.000000,0.000000,0.000000,0.000000,0.000000,0.000000,0.000000,0.000000,0.000000,0.000000,0.000000,0.000000,0.000000,0.000000,0.000000,0.000000
0.000000,0.000000,0.000000,0.000000,0.000000,0.000000,0.000000,0.000000,0.000000,0.000000,0.000000,0.000000,0.000000,0.000000,0.000000,0.000000,0.000000,0.000000,0.000000,0.000000,0.000000,0.000000,0.000000,0.000000,0.000000,0.000000,0.000000,0.000000,0.000000
0.000000,0.000000,0.000000,0.000000,0.000000,0.000000,0.000000,0.000000,0.000000,0.000000,0.000000,0.000000,0.000000,0.000000,0.000000,0.000000,0.000000,0.000000,0.000000,0.000000,0.000000,0.000000,0.000000,0.000000,0.000000,0.000000,0.000000,0.000000,0.000000
0.000000,0.000000,0.000000,0.000000,0.000000,0.000000,0.000000,0.000000,0.000000,0.000000,0.000000,0.000000,0.000000,0.000000,0.000000,0.000000,0.000000,0.000000,0.000000,0.000000,0.000000,0.000000,0.000000,0.000000,0.000000,0.000000,0.000000,0.000000,0.000000
0.000000,0.000000,0.000000,0.000000,0.000000,0.000000,0.000000,0.000000,0.000000,0.000000,0.000000,0.000000,0.000000,0.000000,0.000000,0.000000,0.000000,0.000000,0.000000,0.000000,0.000000,0.000000,0.000000,0.000000,0.000000,0.000000,0.000000,0.000000,0.000000
0.000000,0.000000,0.000000,0.000000,0.000000,0.000000,0.000000,0.000000,0.000000,0.000000,0.000000,0.000000,0.000000,0.000000,0.000000,0.000000,0.000000,0.000000,0.000000,0.000000,0.000000,0.000000,0.000000,0.000000,0.000000,0.000000,0.000000,0.000000,0.000000
0.000000,0.000000,0.000000,0.000000,0.000000,0.000000,0.000000,0.000000,0.000000,0.000000,0.000000,0.000000,0.000000,0.000000,0.000000,0.000000,0.000000,0.000000,0.000000,0.000000,0.000000,0.000000,0.000000,0.000000,0.000000,0.000000,0.000000,0.000000,0.000000
0.000000,0.000000,0.000000,0.000000,0.000000,0.000000,0.000000,0.000000,0.000000,0.000000,0.000000,0.000000,0.000000,0.000000,0.000000,0.000000,0.000000,0.000000,0.000000,0.000000,0.000000,0.000000,0.000000,0.000000,0.000000,0.000000,0.000000,0.000000,0.000000
0.000000,0.000000,0.000000,0.000000,0.000000,0.000000,0.000000,0.000000,0.000000,0.000000,0.000000,0.000000,0.000000,0.000000,0.000000,0.000000,0.000000,0.000000,0.000000,0.000000,0.000000,0.000000,0.000000,0.000000,0.000000,0.000000,0.000000,0.000000,0.000000
0.000000,0.000000,0.000000,0.000000,0.000000,0.000000,0.000000,0.000000,0.000000,0.000000,0.000000,0.000000,0.000000,0.000000,0.000000,0.000000,0.000000,0.000000,0.000000,0.000000,0.000000,0.000000,0.000000,0.000000,0.000000,0.000000,0.000000,0.000000,0.000000
0.000000,0.000000,0.000000,0.000000,0.000000,0.000000,0.000000,0.000000,0.000000,0.000000,0.000000,0.000000,0.000000,0.000000,0.000000,0.000000,0.000000,0.000000,0.000000,0.000000,0.000000,0.000000,0.000000,0.000000,0.000000,0.000000,0.000000,0.000000,0.000000
0.000000,0.000000,0.000000,0.000000,0.000000,0.000000,0.000000,0.000000,0.000000,0.000000,0.000000,0.000000,0.000000,0.000000,0.000000,0.000000,0.000000,0.000000,0.000000,0.000000,0.000000,0.000000,0.000000,0.000000,0.000000,0.000000,0.000000,0.000000,0.000000
0.000000,0.000000,0.000000,0.000000,0.000000,0.000000,0.000000,0.000000,0.000000,0.000000,0.000000,0.000000,0.000000,0.000000,0.000000,0.000000,0.000000,0.000000,0.000000,0.000000,0.000000,0.000000,0.000000,0.000000,0.000000,0.000000,0.000000,0.000000,0.000000
0.000000,0.000000,0.000000,0.000000,0.000000,0.000000,0.000000,0.000000,0.000000,0.000000,0.000000,0.000000,0.000000,0.000000,0.000000,0.000000,0.000000,0.000000,0.000000,0.000000,0.000000,0.000000,0.000000,0.000000,0.000000,0.000000,0.000000,0.000000,0.000000
0.000000,0.000000,0.000000,0.000000,0.000000,0.000000,0.000000,0.000000,0.000000,0.000000,0.000000,0.000000,0.000000,0.000000,0.000000,0.000000,0.000000,0.000000,0.000000,0.000000,0.000000,0.000000,0.000000,0.000000,0.000000,0.000000,0.000000,0.000000,0.000000
0.000000,0.000000,0.000000,0.000000,0.000000,0.000000,0.000000,0.000000,0.000000,0.000000,0.000000,0.000000,0.000000,0.000000,0.000000,0.000000,0.000000,0.000000,0.000000,0.000000,0.000000,0.000000,0.000000,0.000000,0.000000,0.000000,0.000000,0.000000,0.000000
