joint_0,joint_1,joint_2,joint_3,joint_4,joint_5,joint_6,joint_7,joint_8,joint_9,joint_10,joint_11,joint_12,joint_13,joint_14,joint_15,joint_16,joint_17,joint_18,joint_19,joint_20,joint_21,joint_22,joint_23,joint_24,joint_25,joint_26,joint_27,joint_28
0.278308,-0.667225,-0.571350,0.433299,-0.246264,-0.040590,0.372912,0.036833,0.207003,1.410083,1.218552,-1.458433,0.769835,-0.544808,-0.457422,1.393908,-1.487764,-0.125315,0.041656,-1.377111,-0.740790,0.878085,1.204206,0.385249,-0.209212,-0.233537,-0.119598,-0.192620,0.291336
0.278308,-0.667225,-0.571350,0.433299,-0.246264,-0.040590,0.372912,0.036833,0.207003,1.410083,1.218552,-1.458433,0.769835,-0.544808,-0.457422,1.393908,-1.487764,-0.125315,0.041656,-1.377111,-0.740790,0.878085,1.204206,0.385249,-0.209212,-0.233537,-0.119598,-0.192620,0.291336
0.278308,-0.667225,-0.571350,0.433299,-0.246264,-0.040590,0.372912,0.036833,0.207003,1.410083,1.218552,-1.458433,0.769835,-0.544808,-0.457422,1.393908,-1.487764,-0.125315,0.041656,-1.377111,-0.740790,0.878085,1.204206,0.385249,-0.209212,-0.233537,-0.119598,-0.192620,0.291336
0.278308,-0.667225,-0.571350,0.433299,-0.246264,-0.040590,0.372912,0.036833,0.207003,1.410083,1.218552,-1.458433,0.769835,-0.544808,-0.457422,1.393908,-1.487764,-0.125315,0.041656,-1.377111,-0.740790,0.878085,1.204206,0.385249,-0.209212,-0.233537,-0.119598,-0.192620,0.291336
0.278308,-0.667225,-0.571350,0.433299,-0.246264,-0.040590,0.372912,0.036833,0.207003,1.410083,1.218552,-1.458433,0.769835,-0.544808,-0.457422,1.393908,-1.487764,-0.125315,0.041656,-1.377111,-0.740790,0.878085,1.204206,0.385249,-0.209212,-0.233537,-0.119598,-0.192620,0.291336
0.278308,-0.667225,-0.571350,0.433299,-0.246264,-0.040590,0.372912,0.036833,0.207003,1.410083,1.218552,-1.458433,0.769835,-0.544808,-0.457422,1.393908,-1.487764,-0.125315,0.041656,-1.377111,-0.740790,0.878085,1.204206,0.385249,-0.209212,-0.233537,-0.119598,-0.192620,0.291336
0.278308,-0.667225,-0.571350,0.433299,-0.246264,-0.040590,0.372912,0.036833,0.207003,1.410083,1.218552,-1.458433,0.769835,-0.544808,-0.457422,1.393908,-1.487764,-0.125315,0.041656,-1.377111,-0.740790,0.878085,1.204206,0.385249,-0.209212,-0.233537,-0.119598,-0.192620,0.291336
0.278308,-0.667225,-0.571350,0.433299,-0.246264,-0.040590,0.372912,0.036833,0.207003,1.410083,1.218552,-1.458433,0.769835,-0.544808,-0.457422,1.393908,-1.487764,-0.125315,0.041656,-1.377111,-0.740790,0.878085,1.204206,0.385249,-0.209212,-0.233537,-0.119598,-0.192620,0.291336
0.278308,-0.667225,-0.571350,0.433299,-0.246264,-0.040590,0.372912,0.036833,0.207003,1.410083,1.218552,-1.458433,0.769835,-0.544808,-0.457422,1.393908,-1.487764,-0.125315,0.041656,-1.377111,-0.740790,0.878085,1.204206,0.385249,-0.209212,-0.233537,-0.119598,-0.192620,0.291336
0.278308,-0.667225,-0.571350,0.433299,-0.246264,-0.040590,0.372912,0.036833,0.207003,1.410083,1.218552,-1.458433,0.769835,-0.544808,-0.457422,1.393908,-1.487764,-0.125315,0.041656,-1.377111,-0.740790,0.878085,1.204206,0.385249,-0.209212,-0.233537,-0.119598,-0.192620,0.291336
0.278308,-0.667225,-0.571350,0.433299,-0.246264,-0.040590,0.372912,0.036833,0.207003,1.410083,1.218552,-1.458433,0.769835,-0.544808,-0.457422,1.393908,-1.487764,-0.125315,0.041656,-1.377111,-0.740790,0.878085,1.204206,0.385249,-0.209212,-0.233537,-0.119598,-0.192620,0.291336
0.278308,-0.667225,-0.571350,0.433299,-0.246264,-0.040590,0.372912,0.036833,0.207003,1.410083,1.218552,-1.458433,0.769835,-0.544808,-0.457422,1.393908,-1.487764,-0.125315,0.041656,-1.377111,-0.740790,0.878085,1.204206,0.385249,-0.209212,-0.233537,-0.119598,-0.192620,0.291336
0.278308,-0.667225,-0.571350,0.433299,-0.246264,-0.040590,0.372912,0.036833,0.207003,1.410083,1.218552,-1.458433,0.769835,-0.544808,-0.457422,1.393908,-1.487764,-0.125315,0.041656,-1.377111,-0.740790,0.878085,1.204206,0.385249,-0.209212,-0.233537,-0.119598,-0.192620,0.291336
0.278308,-0.667225,-0.571350,0.433299,-0.246264,-0.040590,0.372912,0.036833,0.207003,1.410083,1.218552,-1.458433,0.769835,-0.544808,-0.457422,1.393908,-1.487764,-0.125315,0.041656,-1.377111,-0.740790,0.878085,1.204206,0.385249,-0.209212,-0.233537,-0.119598,-0.192620,0.291336
0.278308,-0.667225,-0.571350,0.433299,-0.246264,-0.040590,0.372912,0.036833,0.207003,1.410083,1.218552,-1.458433,0.769835,-0.544808,-0.457422,1.393908,-1.487764,-0.125315,0.041656,-1.377111,-0.740790,0.878085,1.204206,0.385249,-0.209212,-0.233537,-0.119598,-0.192620,0.291336
0.278308,-0.667225,-0.571350,0.433299,-0.246264,-0.040590,0.372912,0.036833,0.207003,1.410083,1.218552,-1.458433,0.769835,-0.544808,-0.457422,1.393908,-1.487764,-0.125315,0.041656,-1.377111,-0.740790,0.878085,1.204206,0.385249,-0.209212,-0.233537,-0.119598,-0.192620,0.291336
0.278308,-0.667225,-0.571350,0.433299,-0.246264,-0.040590,0.372912,0.036833,0.207003,1.410083,1.218552,-1.458433,0.769835,-0.544808,-0.457422,1.393908,-1.487764,-0.125315,0.041656,-1.377111,-0.740790,0.878085,1.204206,0.385249,-0.209212,-0.233537,-0.119598,-0.192620,0.291336
0.278308,-0.667225,-0.571350,0.433299,-0.246264,-0.040590,0.372912,0.036833,0.207003,1.410083,1.218552,-1.458433,0.769835,-0.544808,-0.457422,1.393908,-1.487764,-0.125315,0.041656,-1.377111,-0.740790,0.878085,1.204206,0.385249,-0.209212,-0.233537,-0.119598,-0.192620,0.291336
0.278308,-0.667225,-0.571350,0.433299,-0.246264,-0.040590,0.372912,0.036833,0.207003,1.410083,1.218552,-1.458433,0.769835,-0.544808,-0.457422,1.393908,-1.487764,-0.125315,0.041656,-1.377111,-0.740790,0.878085,1.204206,0.385249,-0.209212,-0.233537,-0.119598,-0.192620,0.291336
0.278308,-0.667225,-0.571350,0.433299,-0.246264,-0.040590,0.372912,0.036833,0.207003,1.410083,1.218552,-1.458433,0.769835,-0.544808,-0.457422,1.393908,-1.487764,-0.125315,0.041656,-1.377111,-0.740790,0.878085,1.204206,0.385249,-0.209212,-0.233537,-0.119598,-0.192620,0.291336
0.278308,-0.667225,-0.571350,0.433299,-0.246264,-0.040590,0.372912,0.036833,0.207003,1.410083,1.218552,-1.458433,0.769835,-0.544808,-0.457422,1.393908,-1.487764,-0.125315,0.041656,-1.377111,-0.740790,0.878085,1.204206,0.385249,-0.209212,-0.233537,-0.119598,-0.192620,0.291336
0.278308,-0.667225,-0.571350,0.433299,-0.246264,-0.040590,0.372912,0.036833,0.207003,1.410083,1.218552,-1.458433,0.769835,-0.544808,-0.457422,1.393908,-1.487764,-0.125315,0.041656,-1.377111,-0.740790,0.878085,1.204206,0.385249,-0.209212,-0.233537,-0.119598,-0.192620,0.291336
0.278308,-0.667225,-0.571350,0.433299,-0.246264,-0.040590,0.372912,0.036833,0.207003,1.410083,1.218552,-1.458433,0.769835,-0.544808,-0.457422,1.393908,-1.487764,-0.125315,0.041656,-1.377111,-0.740790,0.878085,1.204206,0.385249,-0.209212,-0.233537,-0.119598,-0.192620,0.291336
0.278308,-0.667225,-0.571350,0.433299,-0.246264,-0.040590,0.372912,0.036833,0.207003,1.410083,1.218552,-1.458433,0.769835,-0.544808,-0.457422,1.393908,-1.487764,-0.125315,0.041656,-1.377111,-0.740790,0.878085,1.204206,0.385249,-0.209212,-0.233537,-0.119598,-0.192620,0.291336
0.278303,-0.667464,-0.571347,0.433032,-0.246089,-0.040590,0.372910,0.036946,0.207439,1.410624,1.218640,-1.457474,0.769515,-0.544740,-0.457585,1.394456,-1.487602,-0.125251,0.041485,-1.376543,-0.741721,0.879236,1.203999,0.384722,-0.208423,-0.233504,-0.119474,-0.193104,0.290981
0.278295,-0.667822,-0.571341,0.432632,-0.245827,-0.040589,0.372908,0.037117,0.208092,1.411435,1.218772,-1.456035,0.769035,-0.544638,-0.457828,1.395279,-1.487360,-0.125155,0.041229,-1.375692,-0.743118,0.880962,1.203689,0.383932,-0.207239,-0.233454,-0.119289,-0.193829,0.290448
0.278176,-0.668873,-0.571261,0.431386,-0.245046,-0.040579,0.372872,0.037629,0.210090,1.413967,1.219196,-1.451525,0.767572,-0.544295,-0.458570,1.397695,-1.486624,-0.124875,0.040450,-1.372938,-0.747366,0.886232,1.202743,0.381529,-0.203633,-0.233281,-0.118724,-0.196050,0.288827
0.277926,-0.670118,-0.571091,0.429825,-0.244108,-0.040556,0.372797,0.038250,0.212550,1.417144,1.219741,-1.445846,0.765776,-0.543838,-0.459477,1.400553,-1.485723,-0.124546,0.039495,-1.369379,-0.752562,0.892707,1.201581,0.378587,-0.199210,-0.233043,-0.118034,-0.198789,0.286843
0.277411,-0.671749,-0.570742,0.427635,-0.242858,-0.040509,0.372643,0.039084,0.215935,1.421611,1.220528,-1.437829,0.763316,-0.543152,-0.460716,1.404295,-1.484494,-0.124120,0.038189,-1.364209,-0.759658,0.901595,1.199987,0.374569,-0.193154,-0.232675,-0.117092,-0.202563,0.284133
0.276337,-0.673614,-0.570012,0.424724,-0.241381,-0.040408,0.372318,0.040090,0.220256,1.427569,1.221628,-1.427051,0.760206,-0.542132,-0.462268,1.408571,-1.482960,-0.123644,0.036543,-1.356901,-0.768540,0.912878,1.197965,0.369529,-0.185507,-0.232105,-0.115917,-0.207398,0.280736
0.274984,-0.675596,-0.569091,0.421453,-0.239789,-0.040279,0.371908,0.041180,0.225045,1.434272,1.222886,-1.414893,0.756770,-0.540946,-0.463976,1.413114,-1.481273,-0.123142,0.034729,-1.348524,-0.778316,0.925357,1.195729,0.363979,-0.177066,-0.231434,-0.114624,-0.212763,0.276996
0.272284,-0.677586,-0.567247,0.416927,-0.238089,-0.040004,0.371076,0.042383,0.231226,1.443602,1.224753,-1.397780,0.752431,-0.539066,-0.466083,1.417664,-1.479212,-0.122662,0.032458,-1.335941,-0.790350,0.941270,1.192883,0.357112,-0.166438,-0.230327,-0.113047,-0.219734,0.272372
0.269001,-0.679428,-0.564997,0.411913,-0.236480,-0.039654,0.370052,0.043534,0.237852,1.453960,1.226873,-1.378699,0.747836,-0.536889,-0.468278,1.421872,-1.477082,-0.122225,0.030069,-1.321600,-0.802867,0.958214,1.189856,0.349942,-0.155209,-0.229032,-0.111418,-0.227237,0.267549
0.264553,-0.680975,-0.561936,0.405924,-0.235053,-0.039155,0.368644,0.044580,0.245372,1.466374,1.229498,-1.355680,0.742731,-0.534121,-0.470647,1.425396,-1.474813,-0.121875,0.027443,-1.303740,-0.816347,0.977223,1.186466,0.342166,-0.142777,-0.227363,-0.109686,-0.235803,0.262326
0.258902,-0.681859,-0.558008,0.398802,-0.234203,-0.038431,0.366790,0.045213,0.253718,1.481188,1.232724,-1.328041,0.737269,-0.530660,-0.473037,1.427411,-1.472597,-0.121684,0.024689,-1.281727,-0.829864,0.997924,1.182788,0.334250,-0.129566,-0.225267,-0.108003,-0.245410,0.257026
0.252649,-0.682412,-0.553645,0.391112,-0.233641,-0.037596,0.364712,0.045638,0.262477,1.497202,1.236251,-1.298091,0.731628,-0.526854,-0.475439,1.428671,-1.470407,-0.121572,0.021873,-1.257637,-0.843400,1.019472,1.178966,0.326264,-0.115965,-0.222958,-0.106344,-0.255539,0.251688
0.239851,-0.680093,-0.543462,0.380208,-0.234659,-0.032514,0.358907,0.044963,0.272746,1.519617,1.241893,-1.257206,0.725586,-0.519558,-0.478114,1.423792,-1.468111,-0.122627,0.018919,-1.221199,-0.856826,1.044724,1.175015,0.318748,-0.101219,-0.218740,-0.104958,-0.269084,0.246891
0.224464,-0.676754,-0.531370,0.368529,-0.236172,-0.025384,0.351910,0.044095,0.283316,1.543785,1.248107,-1.212529,0.719467,-0.511505,-0.480721,1.416494,-1.465897,-0.123984,0.015962,-1.180312,-0.869998,1.070344,1.170955,0.311273,-0.086376,-0.213953,-0.103600,-0.282905,0.242107
0.203899,-0.671377,-0.515460,0.355302,-0.238679,-0.014158,0.342527,0.042842,0.294488,1.571461,1.255468,-1.160265,0.713196,-0.501942,-0.483193,1.404354,-1.463846,-0.125942,0.012996,-1.130529,-0.882665,1.096699,1.166676,0.303881,-0.071336,-0.208025,-0.102300,-0.297274,0.237351
0.183353,-0.666006,-0.502314,0.343828,-0.241556,-0.001072,0.334986,0.042294,0.304859,1.597294,1.261788,-1.104378,0.707160,-0.495801,-0.484436,1.390145,-1.463512,-0.126711,0.010318,-1.078048,-0.893292,1.118119,1.161577,0.295655,-0.057944,-0.202981,-0.100593,-0.306211,0.231330
0.162816,-0.660638,-0.490549,0.333231,-0.244617,0.012944,0.328366,0.042100,0.314831,1.622206,1.267588,-1.046679,0.701242,-0.491371,-0.485063,1.374902,-1.464036,-0.126883,0.007782,-1.024218,-0.902898,1.137072,1.156068,0.287013,-0.045376,-0.198379,-0.098682,-0.312431,0.224677
0.142827,-0.655339,-0.482867,0.325300,-0.248723,0.032135,0.323589,0.043228,0.323312,1.643712,1.271944,-0.982556,0.696177,-0.489802,-0.485097,1.353579,-1.472196,-0.123434,0.005823,-0.965160,-0.910900,1.150280,1.149082,0.277055,-0.035619,-0.194961,-0.095782,-0.314598,0.215456
0.120358,-0.648872,-0.473593,0.316604,-0.253568,0.052995,0.319936,0.043465,0.332433,1.666542,1.276312,-0.919675,0.689373,-0.487950,-0.485260,1.329037,-1.480688,-0.119273,0.003208,-0.908490,-0.916084,1.163677,1.141141,0.267348,-0.024046,-0.191522,-0.093706,-0.317137,0.205618
0.092931,-0.640071,-0.461135,0.306376,-0.259889,0.077195,0.318531,0.041917,0.342837,1.692020,1.280703,-0.859278,0.679092,-0.485528,-0.485681,1.298057,-1.489841,-0.113686,-0.000719,-0.856595,-0.915633,1.177454,1.131291,0.258143,-0.008843,-0.188037,-0.093275,-0.320421,0.194545
0.058550,-0.627611,-0.443228,0.293979,-0.267629,0.104893,0.317888,0.035324,0.354875,1.720311,1.285256,-0.802565,0.661126,-0.482455,-0.487682,1.258187,-1.499036,-0.106354,-0.007141,-0.810210,-0.905436,1.191105,1.118935,0.249417,0.011335,-0.184657,-0.094621,-0.324553,0.182309
0.020691,-0.613322,-0.422597,0.280498,-0.276079,0.134341,0.317625,0.026209,0.367731,1.750009,1.289889,-0.747694,0.639317,-0.479055,-0.490472,1.213870,-1.508252,-0.098150,-0.014810,-0.766581,-0.890366,1.204693,1.105327,0.240931,0.034001,-0.181329,-0.096856,-0.329108,0.169492
-0.017352,-0.603008,-0.402726,0.266949,-0.275377,0.159378,0.323059,0.026687,0.380270,1.771459,1.297559,-0.698128,0.615986,-0.482955,-0.497773,1.174601,-1.517699,-0.095116,-0.019722,-0.729580,-0.871975,1.202075,1.094919,0.225823,0.045267,-0.181968,-0.100050,-0.324456,0.157750
-0.053834,-0.594169,-0.384625,0.253356,-0.274188,0.183060,0.328524,0.027759,0.391795,1.791220,1.305681,-0.651104,0.592054,-0.486410,-0.504699,1.136402,-1.527419,-0.091895,-0.024364,-0.695265,-0.852089,1.199657,1.084048,0.210919,0.054336,-0.182782,-0.102863,-0.319763,0.148135
-0.087192,-0.588279,-0.370062,0.239675,-0.272026,0.204027,0.334048,0.030018,0.401292,1.807602,1.314710,-0.609160,0.566921,-0.488978,-0.510878,1.100342,-1.537684,-0.088301,-0.028465,-0.666321,-0.829212,1.197637,1.072250,0.196424,0.059011,-0.183946,-0.104917,-0.314986,0.142771
-0.119438,-0.584003,-0.357105,0.224916,-0.269138,0.222684,0.337572,0.032009,0.408926,1.822264,1.324075,-0.571416,0.540793,-0.489852,-0.514536,1.063932,-1.547692,-0.082697,-0.032832,-0.644069,-0.803360,1.197258,1.057092,0.184761,0.062157,-0.184637,-0.106577,-0.313049,0.139793
-0.151127,-0.580534,-0.344951,0.209619,-0.265887,0.240184,0.340096,0.033868,0.415627,1.836065,1.333609,-0.535772,0.514168,-0.489881,-0.516934,1.027346,-1.557572,-0.076088,-0.037332,-0.625163,-0.776020,1.197700,1.040254,0.174514,0.064538,-0.185092,-0.108039,-0.312531,0.138009
-0.200983,-0.575291,-0.317542,0.187447,-0.256580,0.256133,0.347373,0.033417,0.422644,1.849372,1.344915,-0.500454,0.484037,-0.493613,-0.518267,0.979348,-1.563657,-0.068663,-0.043378,-0.616741,-0.740988,1.202051,1.015972,0.164995,0.069219,-0.183903,-0.118186,-0.319617,0.135601
-0.247631,-0.568982,-0.292408,0.166671,-0.246975,0.271244,0.352610,0.033282,0.429485,1.858668,1.353699,-0.464747,0.450902,-0.494745,-0.519571,0.934530,-1.569175,-0.061220,-0.047125,-0.607144,-0.700719,1.205077,0.989451,0.154214,0.071463,-0.184616,-0.127616,-0.321984,0.134270
-0.287862,-0.560544,-0.271825,0.148688,-0.236771,0.284681,0.353766,0.033775,0.435972,1.859945,1.357435,-0.428264,0.411761,-0.490676,-0.520818,0.896074,-1.573555,-0.053740,-0.046275,-0.595199,-0.649973,1.205453,0.958452,0.140911,0.068832,-0.189135,-0.135612,-0.314913,0.135093
-0.347478,-0.549530,-0.238354,0.129078,-0.226123,0.295840,0.354146,0.028109,0.445739,1.849732,1.356868,-0.386483,0.361343,-0.494841,-0.519965,0.852928,-1.573016,-0.046592,-0.040233,-0.582508,-0.587022,1.208718,0.918551,0.123914,0.067143,-0.190383,-0.147618,-0.299271,0.119459
-0.416787,-0.537229,-0.198439,0.108655,-0.215252,0.305860,0.354138,0.019363,0.457146,1.833775,1.354148,-0.342052,0.305287,-0.503123,-0.518061,0.807437,-1.570017,-0.039609,-0.031593,-0.569446,-0.517969,1.213427,0.874198,0.105069,0.065925,-0.189997,-0.161630,-0.279343,0.095596
-0.491379,-0.523200,-0.151576,0.113044,-0.197599,0.306898,0.352086,0.027712,0.471330,1.805555,1.348762,-0.289799,0.200330,-0.497763,-0.511969,0.779429,-1.561260,-0.023704,-0.017725,-0.553059,-0.401545,1.215498,0.818828,0.093688,0.049751,-0.188883,-0.174493,-0.257817,0.067316
-0.556836,-0.507161,-0.107554,0.117210,-0.183334,0.303467,0.346418,0.036822,0.481492,1.767054,1.343128,-0.234435,0.089880,-0.493085,-0.507544,0.760903,-1.544918,-0.012034,-0.002899,-0.535447,-0.278528,1.215198,0.768256,0.081087,0.032874,-0.190153,-0.185463,-0.236967,0.045984
-0.604021,-0.487103,-0.069212,0.120931,-0.175848,0.291099,0.333517,0.047453,0.483610,1.707992,1.336997,-0.172852,-0.031556,-0.489768,-0.506456,0.761344,-1.513403,-0.008836,0.013839,-0.515387,-0.142324,1.210158,0.727280,0.066047,0.014590,-0.196189,-0.192649,-0.217469,0.038548
-0.660590,-0.462060,-0.021844,0.134881,-0.173851,0.279286,0.315800,0.061664,0.487309,1.603587,1.325502,-0.100099,-0.170372,-0.488549,-0.512620,0.760462,-1.478159,-0.003154,0.033713,-0.481080,0.002252,1.205198,0.678449,0.056507,-0.010052,-0.194369,-0.195492,-0.187388,0.024635
-0.721850,-0.434524,0.030038,0.153945,-0.174597,0.267751,0.295675,0.077666,0.491799,1.476512,1.311326,-0.021760,-0.317877,-0.488380,-0.522410,0.758917,-1.441049,0.003771,0.055155,-0.439651,0.151014,1.200278,0.625690,0.049717,-0.037872,-0.188621,-0.196164,-0.152015,0.007482
-0.758875,-0.409563,0.050917,0.162988,-0.186827,0.252304,0.272759,0.088153,0.496574,1.391147,1.307219,0.065210,-0.472939,-0.459966,-0.534368,0.761779,-1.385745,-0.008991,0.060692,-0.380607,0.303727,1.195548,0.615610,0.043141,-0.057991,-0.193060,-0.195291,-0.130840,0.003217
-0.801714,-0.380241,0.075238,0.170795,-0.204623,0.240876,0.246667,0.100070,0.501698,1.308364,1.300312,0.157442,-0.628761,-0.425007,-0.557145,0.759151,-1.329095,-0.022335,0.062996,-0.313205,0.452012,1.193336,0.601156,0.036031,-0.084015,-0.194645,-0.193977,-0.106715,-0.005729
-0.856183,-0.342196,0.106442,0.176128,-0.233550,0.237486,0.214221,0.114845,0.507521,1.230745,1.287805,0.260197,-0.786103,-0.376959,-0.601560,0.745542,-1.269750,-0.036842,0.058837,-0.229086,0.591440,1.196159,0.577952,0.027850,-0.121848,-0.190521,-0.191780,-0.076691,-0.024035
-0.912168,-0.317729,0.120725,0.182745,-0.252652,0.237936,0.195228,0.127039,0.513094,1.203463,1.283352,0.360419,-0.933030,-0.344148,-0.631537,0.719619,-1.195269,-0.052117,0.051031,-0.152159,0.718677,1.200429,0.579669,0.019211,-0.155892,-0.195729,-0.195968,-0.056107,-0.043689
-0.968912,-0.300050,0.126548,0.190006,-0.266842,0.240306,0.182961,0.137941,0.518543,1.201348,1.282926,0.459374,-1.074749,-0.318956,-0.654294,0.687539,-1.113219,-0.067778,0.041402,-0.078828,0.839818,1.205422,0.593847,0.010343,-0.188041,-0.205605,-0.203348,-0.040243,-0.064015
-1.007610,-0.287868,0.128643,0.187385,-0.272737,0.246384,0.164546,0.151122,0.519417,1.188812,1.288579,0.543225,-1.147614,-0.310792,-0.665353,0.656014,-1.047560,-0.071239,0.040511,-0.027365,0.906171,1.204976,0.600083,-0.009585,-0.189924,-0.208827,-0.205349,-0.027412,-0.077331
-1.053394,-0.278335,0.139468,0.183953,-0.279464,0.252856,0.143874,0.162046,0.520000,1.174654,1.293055,0.620314,-1.216628,-0.303348,-0.675360,0.630135,-0.988345,-0.075620,0.038897,0.022727,0.962170,1.207995,0.602485,-0.036234,-0.195618,-0.212035,-0.208423,-0.008393,-0.092097
-1.113351,-0.274102,0.167753,0.178900,-0.287857,0.260115,0.118687,0.168458,0.520000,1.157253,1.295176,0.683878,-1.277938,-0.297345,-0.683265,0.615546,-0.942016,-0.081841,0.035838,0.070078,0.997465,1.217945,0.597219,-0.076327,-0.208936,-0.215215,-0.213642,0.023003,-0.109761
-1.161922,-0.269304,0.191079,0.171438,-0.294057,0.264712,0.095662,0.177092,0.520000,1.143827,1.300605,0.742287,-1.322784,-0.291141,-0.687623,0.604829,-0.905138,-0.085261,0.036394,0.111175,1.020506,1.220433,0.589438,-0.122165,-0.205531,-0.217112,-0.217218,0.046211,-0.130763
-1.204799,-0.264223,0.211925,0.162772,-0.299162,0.267979,0.073719,0.186838,0.520000,1.132389,1.307687,0.798119,-1.359397,-0.284835,-0.690208,0.596048,-0.872986,-0.087281,0.038758,0.149144,1.037420,1.219190,0.580399,-0.170874,-0.193764,-0.218369,-0.219973,0.065326,-0.153434
-1.266586,-0.260509,0.244121,0.144792,-0.318336,0.268806,0.038529,0.197809,0.520000,1.100716,1.313335,0.849717,-1.413315,-0.270862,-0.685743,0.599754,-0.846781,-0.090661,0.045642,0.191773,1.048587,1.218009,0.554642,-0.228581,-0.192257,-0.218734,-0.221991,0.093785,-0.184931
-1.329257,-0.255618,0.276349,0.126500,-0.343832,0.266337,0.001857,0.204328,0.520000,1.070275,1.315682,0.897687,-1.465592,-0.258241,-0.678682,0.605788,-0.821327,-0.092312,0.051392,0.231639,1.056228,1.217695,0.527295,-0.288642,-0.187991,-0.220001,-0.223782,0.121474,-0.221189
-1.393696,-0.248371,0.308642,0.107586,-0.381972,0.257275,-0.037782,0.201946,0.520000,1.042300,1.311428,0.938399,-1.514588,-0.248326,-0.666426,0.616478,-0.797376,-0.090504,0.054871,0.265977,1.056816,1.219113,0.496771,-0.353411,-0.178204,-0.223074,-0.225120,0.147623,-0.266971
-1.446436,-0.236138,0.338369,0.092473,-0.409436,0.251553,-0.065756,0.205654,0.520000,1.031715,1.309328,0.969602,-1.553440,-0.237529,-0.659121,0.623815,-0.778427,-0.087647,0.058241,0.302617,1.050879,1.215205,0.470432,-0.412863,-0.167885,-0.230548,-0.227774,0.178848,-0.311767
-1.493326,-0.221411,0.366814,0.079260,-0.431561,0.247500,-0.087896,0.212407,0.520000,1.029825,1.308305,0.996050,-1.587220,-0.226292,-0.654291,0.629475,-0.761979,-0.084266,0.061556,0.340406,1.041680,1.208633,0.446186,-0.469655,-0.157299,-0.240223,-0.231085,0.212610,-0.356071
-1.537420,-0.198201,0.397957,0.066672,-0.466563,0.246798,-0.108810,0.213294,0.520000,1.026001,1.290025,1.012933,-1.618468,-0.212089,-0.649152,0.644469,-0.746640,-0.079323,0.063768,0.374994,1.018196,1.200891,0.400172,-0.516652,-0.139135,-0.258484,-0.240969,0.242578,-0.398115
-1.567452,-0.169109,0.427191,0.055227,-0.498593,0.246923,-0.126576,0.214907,0.520000,1.018314,1.271164,1.027145,-1.645217,-0.195745,-0.641347,0.658969,-0.733334,-0.076259,0.066012,0.407837,0.999643,1.194589,0.364349,-0.559572,-0.124132,-0.275323,-0.248430,0.272440,-0.437346
-1.569363,-0.128252,0.452606,0.046068,-0.524678,0.248699,-0.138042,0.217971,0.520000,1.002898,1.251143,1.036016,-1.662973,-0.175118,-0.628212,0.672481,-0.724093,-0.076955,0.068323,0.437189,0.990951,1.191168,0.348906,-0.594339,-0.115451,-0.289318,-0.251048,0.302091,-0.470951
-1.570000,-0.091667,0.484395,0.042844,-0.555282,0.243749,-0.148914,0.216978,0.520000,0.961678,1.220157,1.043373,-1.686182,-0.163705,-0.593777,0.692468,-0.719042,-0.075386,0.071472,0.471479,0.983941,1.192611,0.343213,-0.620298,-0.113112,-0.303338,-0.247223,0.329151,-0.514403
-1.570000,-0.057217,0.519372,0.042589,-0.588144,0.235436,-0.159489,0.213957,0.520000,0.907555,1.183689,1.049975,-1.712118,-0.156901,-0.548694,0.715693,-0.716085,-0.072685,0.075040,0.508239,0.977772,1.196484,0.342396,-0.641854,-0.113944,-0.317371,-0.240176,0.354914,-0.562778
-1.570000,-0.034389,0.555505,0.044677,-0.627492,0.221979,-0.176140,0.203405,0.520000,0.831639,1.147930,1.040842,-1.749033,-0.089960,-0.514453,0.741141,-0.717978,-0.086086,0.072133,0.545649,0.971019,1.200018,0.353345,-0.657618,-0.120966,-0.342177,-0.228670,0.371031,-0.582786
-1.570000,-0.015425,0.584090,0.049323,-0.661953,0.212103,-0.194294,0.193106,0.520000,0.770564,1.120257,1.033191,-1.780096,-0.032637,-0.482462,0.763161,-0.718497,-0.096996,0.071797,0.580240,0.971835,1.203920,0.362483,-0.670510,-0.127055,-0.361414,-0.219824,0.387821,-0.597250
-1.570000,-0.004185,0.597578,0.059086,-0.686643,0.209391,-0.215453,0.183312,0.520000,0.739171,1.108757,1.028506,-1.799455,0.005453,-0.454973,0.778327,-0.716266,-0.102926,0.076604,0.609193,0.987790,1.208560,0.367998,-0.677658,-0.131275,-0.369517,-0.216299,0.405955,-0.600625
-1.570000,0.015294,0.609993,0.081965,-0.698387,0.191217,-0.246456,0.171724,0.519995,0.725717,1.086501,1.027510,-1.840073,0.026777,-0.430385,0.803910,-0.721245,-0.113673,0.091357,0.653689,1.021407,1.221252,0.380482,-0.682440,-0.135521,-0.374136,-0.214735,0.436387,-0.608151
-1.570000,0.038893,0.621871,0.111403,-0.703660,0.165313,-0.282381,0.159238,0.519988,0.721232,1.058868,1.028358,-1.891319,0.039719,-0.407247,0.834701,-0.729828,-0.126829,0.111083,0.705956,1.063853,1.237968,0.396452,-0.686040,-0.139778,-0.377014,-0.214152,0.472967,-0.617755
-1.570000,0.052432,0.628232,0.132054,-0.717728,0.152947,-0.306049,0.144536,0.519878,0.710710,1.052607,1.025848,-1.918492,0.067085,-0.383574,0.854332,-0.734637,-0.137530,0.122515,0.742911,1.089590,1.248972,0.413238,-0.686168,-0.141722,-0.378945,-0.211066,0.495946,-0.625773
-1.570000,0.068831,0.634793,0.152395,-0.736677,0.135273,-0.327414,0.127142,0.519809,0.705251,1.055257,1.025389,-1.945994,0.104939,-0.365756,0.878930,-0.742267,-0.147030,0.134098,0.784856,1.123675,1.262594,0.437056,-0.680792,-0.141082,-0.379439,-0.207186,0.521755,-0.635475
-1.570000,0.090952,0.641753,0.172117,-0.765387,0.106980,-0.344176,0.104360,0.519820,0.709920,1.075727,1.029033,-1.974158,0.163772,-0.359649,0.913461,-0.755541,-0.154124,0.145983,0.836779,1.174456,1.281455,0.474939,-0.664410,-0.135277,-0.377060,-0.201714,0.553221,-0.648544
-1.570000,0.092486,0.646036,0.217918,-0.774275,0.074169,-0.370323,0.081834,0.513302,0.685410,1.060353,1.031288,-2.014158,0.170173,-0.341186,0.946552,-0.771234,-0.159730,0.158423,0.884693,1.218922,1.298937,0.503303,-0.644499,-0.134032,-0.371020,-0.201466,0.575325,-0.656393
-1.570000,0.083727,0.648980,0.276758,-0.773253,0.039099,-0.401163,0.059436,0.503520,0.646310,1.027058,1.032847,-2.060076,0.150359,-0.316545,0.978923,-0.788136,-0.164592,0.171141,0.930603,1.260229,1.315732,0.526907,-0.622823,-0.135068,-0.363151,-0.203829,0.592747,-0.661633
-1.570000,0.088845,0.645045,0.299749,-0.781372,0.020190,-0.411095,0.044935,0.502062,0.638721,1.033516,1.029063,-2.077838,0.164293,-0.301311,1.002950,-0.801767,-0.170795,0.175976,0.968694,1.291800,1.326463,0.552177,-0.610713,-0.134186,-0.356934,-0.201199,0.602627,-0.656077
-1.570000,0.097274,0.639715,0.324400,-0.783828,-0.002030,-0.418128,0.032579,0.498340,0.639460,1.037296,1.026495,-2.096936,0.178202,-0.283252,1.032986,-0.818213,-0.183858,0.181308,1.012274,1.330273,1.337715,0.582529,-0.597636,-0.131955,-0.349367,-0.196430,0.612852,-0.642730
-1.570000,0.112325,0.631599,0.352370,-0.774955,-0.030874,-0.419365,0.024515,0.490090,0.656857,1.035720,1.026359,-2.118704,0.192059,-0.259541,1.075037,-0.840290,-0.210639,0.187630,1.066833,1.382547,1.350008,0.623044,-0.582626,-0.127025,-0.339099,-0.187381,0.623766,-0.613799
-1.570000,0.125176,0.622839,0.369180,-0.771506,-0.055837,-0.422071,0.016712,0.492674,0.662742,1.043535,1.026810,-2.122489,0.202714,-0.244412,1.108935,-0.857612,-0.223883,0.189959,1.114530,1.399983,1.359980,0.655608,-0.570566,-0.125717,-0.331295,-0.181214,0.630361,-0.585178
-1.570000,0.136927,0.613757,0.380410,-0.770768,-0.078859,-0.425511,0.009040,0.500675,0.662872,1.056045,1.027555,-2.117283,0.211767,-0.233573,1.138757,-0.872556,-0.230358,0.190290,1.158797,1.400000,1.368791,0.684195,-0.559981,-0.126221,-0.324725,-0.176489,0.634796,-0.556713
-1.570000,0.151734,0.596631,0.395376,-0.757823,-0.103687,-0.422005,0.009608,0.509098,0.653470,1.070958,1.033060,-2.098250,0.219997,-0.214248,1.172342,-0.894304,-0.235214,0.187294,1.214063,1.400000,1.378666,0.716415,-0.548219,-0.132473,-0.317872,-0.169621,0.636564,-0.515045
-1.570000,0.164958,0.580228,0.409673,-0.745468,-0.126368,-0.418647,0.007780,0.515711,0.646949,1.087637,1.043510,-2.077772,0.224678,-0.197733,1.207816,-0.916433,-0.238211,0.184874,1.271918,1.400000,1.387624,0.749291,-0.534348,-0.141959,-0.312186,-0.163093,0.639566,-0.469792
-1.570000,0.175014,0.565273,0.422633,-0.734293,-0.144757,-0.415581,0.001158,0.518706,0.646190,1.107847,1.063851,-2.054401,0.222260,-0.186838,1.247071,-0.939325,-0.237492,0.183607,1.334948,1.400000,1.394752,0.783479,-0.516258,-0.157913,-0.308833,-0.157246,0.645034,-0.417369
-1.570000,0.184847,0.556612,0.429703,-0.725084,-0.155730,-0.412752,-0.002737,0.519749,0.654636,1.126700,1.085535,-2.030202,0.215803,-0.183558,1.283928,-0.959078,-0.236213,0.181979,1.394410,1.400000,1.398237,0.814633,-0.499020,-0.168496,-0.305340,-0.153476,0.645658,-0.371806
-1.570000,0.194570,0.551098,0.433827,-0.716858,-0.162994,-0.410040,-0.005269,0.519816,0.667683,1.144876,1.107892,-2.005591,0.207325,-0.184087,1.319587,-0.977262,-0.234653,0.180170,1.452086,1.400000,1.399901,0.844271,-0.482208,-0.176393,-0.301778,-0.150744,0.643861,-0.329673
-1.570000,0.207909,0.537497,0.435711,-0.706668,-0.160424,-0.407596,-0.014186,0.519926,0.699591,1.175045,1.132330,-1.964437,0.175600,-0.191815,1.357450,-0.998241,-0.223955,0.182888,1.504482,1.400000,1.394548,0.882609,-0.461273,-0.184159,-0.299504,-0.146408,0.641973,-0.287465
-1.570000,0.218943,0.527043,0.437507,-0.698536,-0.156213,-0.406430,-0.020333,0.520000,0.733425,1.203799,1.148698,-1.924520,0.144736,-0.199316,1.394289,-1.019018,-0.214959,0.184617,1.550228,1.400000,1.388547,0.918911,-0.440307,-0.191209,-0.296918,-0.142957,0.639432,-0.248562
-1.570000,0.225368,0.522880,0.439126,-0.694522,-0.148722,-0.407818,-0.020942,0.520000,0.771110,1.229723,1.148924,-1.887079,0.115596,-0.206362,1.429077,-1.039391,-0.209370,0.184368,1.582674,1.400000,1.381251,0.951139,-0.419278,-0.196826,-0.293705,-0.141276,0.635584,-0.216267
-1.570000,0.225709,0.514379,0.443318,-0.696865,-0.136670,-0.412125,-0.027561,0.520000,0.814643,1.271001,1.149000,-1.839065,0.079628,-0.219925,1.465054,-1.064853,-0.200879,0.187620,1.601639,1.400000,1.369460,0.986593,-0.393741,-0.202505,-0.291110,-0.137600,0.635273,-0.182867
-1.570000,0.223008,0.503709,0.448797,-0.702387,-0.122339,-0.417893,-0.037186,0.520000,0.861101,1.319956,1.149000,-1.785765,0.040246,-0.236746,1.501624,-1.092859,-0.190938,0.192622,1.613863,1.400000,1.355422,1.023659,-0.365950,-0.208215,-0.288822,-0.132925,0.636730,-0.148914
-1.569824,0.210865,0.491900,0.456347,-0.708424,-0.109879,-0.429130,-0.031221,0.520000,0.906370,1.376557,1.149000,-1.736082,0.005114,-0.246004,1.538738,-1.126671,-0.188024,0.200028,1.617513,1.400000,1.341256,1.059312,-0.339533,-0.205773,-0.282899,-0.129350,0.633989,-0.123923
-1.569598,0.195461,0.481717,0.464345,-0.715160,-0.098224,-0.440720,-0.025212,0.520000,0.948962,1.431468,1.149000,-1.687461,-0.026951,-0.257512,1.574006,-1.160721,-0.185854,0.206524,1.622429,1.400000,1.328627,1.091894,-0.315214,-0.203540,-0.276033,-0.126845,0.632202,-0.101058
-1.569276,0.173537,0.474786,0.473237,-0.723293,-0.088177,-0.453019,-0.019116,0.520000,0.986198,1.482994,1.149000,-1.640965,-0.052880,-0.273523,1.605584,-1.195248,-0.185170,0.211201,1.629877,1.400000,1.319070,1.118333,-0.295091,-0.201723,-0.267281,-0.126481,0.632322,-0.082442
-1.565955,0.115802,0.490622,0.497881,-0.730540,-0.065970,-0.466313,-0.007170,0.520000,1.008212,1.540382,1.149000,-1.585419,-0.090775,-0.289009,1.668897,-1.273746,-0.192369,0.213926,1.650327,1.400000,1.313155,1.141488,-0.272040,-0.177675,-0.242012,-0.136885,0.627587,-0.064048
-1.561134,0.040160,0.517841,0.530400,-0.737342,-0.037682,-0.480105,0.007701,0.520000,1.022614,1.600700,1.149000,-1.525349,-0.134655,-0.304234,1.748078,-1.374229,-0.203510,0.215674,1.677277,1.400000,1.309061,1.163002,-0.247526,-0.142511,-0.208484,-0.152671,0.620424,-0.045764
-1.563683,0.014587,0.490443,0.537682,-0.761522,-0.024242,-0.495619,0.011232,0.520000,1.073332,1.644258,1.148964,-1.483200,-0.150620,-0.334260,1.764749,-1.413771,-0.200328,0.223598,1.690183,1.400000,1.298540,1.178851,-0.237415,-0.143531,-0.207914,-0.149082,0.630120,-0.030831
-1.551958,-0.027022,0.468543,0.551905,-0.791653,-0.001942,-0.512090,0.018883,0.520000,1.120820,1.685110,1.147663,-1.433192,-0.165020,-0.355460,1.788694,-1.473887,-0.203181,0.226051,1.706473,1.400000,1.279622,1.192108,-0.217694,-0.147210,-0.207257,-0.147698,0.644964,-0.012613
-1.511688,-0.100701,0.457636,0.580012,-0.833686,0.038077,-0.530476,0.034775,0.520000,1.161848,1.720547,1.143830,-1.367465,-0.176286,-0.359009,1.827190,-1.575154,-0.218106,0.217564,1.729535,1.400000,1.243914,1.200180,-0.178751,-0.156207,-0.206428,-0.150726,0.670106,0.012176
-1.469863,-0.166380,0.427872,0.603290,-0.865208,0.072196,-0.545919,0.055343,0.520000,1.198606,1.740547,1.136349,-1.315315,-0.190704,-0.368808,1.855082,-1.650745,-0.229178,0.213678,1.740154,1.400000,1.216267,1.203922,-0.155159,-0.146080,-0.206520,-0.152387,0.679646,0.038907
-1.427260,-0.228058,0.388680,0.624155,-0.891475,0.103366,-0.559890,0.078250,0.520000,1.233228,1.752827,1.127045,-1.269954,-0.206698,-0.381733,1.877672,-1.713498,-0.238324,0.212091,1.744552,1.400000,1.192651,1.205500,-0.139241,-0.126391,-0.207072,-0.153366,0.681386,0.066610
-1.385866,-0.279746,0.356965,0.647224,-0.903550,0.122187,-0.560636,0.094921,0.520000,1.242550,1.741487,1.114143,-1.237712,-0.208683,-0.376392,1.894406,-1.762310,-0.246213,0.211997,1.741060,1.400000,1.170533,1.203849,-0.122620,-0.113661,-0.204044,-0.153218,0.681684,0.084789
-1.338920,-0.335172,0.321384,0.669111,-0.916891,0.143174,-0.559910,0.112021,0.520000,1.251338,1.723601,1.101198,-1.207942,-0.212138,-0.370123,1.909884,-1.808935,-0.253537,0.211013,1.734880,1.400000,1.147322,1.202260,-0.105169,-0.098424,-0.202997,-0.152207,0.679181,0.106602
-1.280867,-0.398074,0.278072,0.688634,-0.932765,0.168493,-0.556240,0.129982,0.520000,1.259057,1.692624,1.088170,-1.183114,-0.218533,-0.362000,1.922850,-1.851189,-0.259734,0.208248,1.723322,1.400000,1.121922,1.200797,-0.086060,-0.078171,-0.205915,-0.149466,0.671077,0.135683
-1.229016,-0.451265,0.240659,0.706314,-0.937832,0.186010,-0.547609,0.144093,0.520000,1.260439,1.650522,1.072695,-1.163800,-0.218983,-0.340397,1.936349,-1.884682,-0.261800,0.210632,1.709916,1.400000,1.096751,1.199520,-0.069352,-0.060633,-0.207880,-0.148428,0.665611,0.155599
-1.180264,-0.499600,0.206196,0.723073,-0.937495,0.199627,-0.536498,0.156281,0.520000,1.258651,1.602858,1.055996,-1.147242,-0.216461,-0.312054,1.950115,-1.913795,-0.261800,0.215591,1.695586,1.400000,1.071695,1.198336,-0.053844,-0.044452,-0.209369,-0.148241,0.661464,0.170933
-1.106789,-0.560933,0.159432,0.734407,-0.934905,0.218630,-0.516693,0.173056,0.520000,1.266875,1.532783,1.037620,-1.131163,-0.220733,-0.261686,1.971289,-1.931966,-0.261800,0.225261,1.675492,1.400000,1.047424,1.197829,-0.040943,-0.016626,-0.215581,-0.143685,0.647207,0.191663
-1.034001,-0.621831,0.111517,0.747471,-0.930863,0.236180,-0.501092,0.190028,0.520000,1.268404,1.461477,1.019974,-1.115366,-0.228026,-0.214057,1.992707,-1.946843,-0.261800,0.235080,1.653589,1.400000,1.024490,1.195782,-0.027824,0.009582,-0.222325,-0.139015,0.630940,0.210495
-0.962589,-0.681860,0.061301,0.763995,-0.923916,0.250825,-0.493899,0.207396,0.520000,1.256543,1.387708,1.003786,-1.100133,-0.241362,-0.171908,2.014610,-1.955133,-0.261800,0.245199,1.628072,1.400000,1.004233,1.190654,-0.014267,0.032552,-0.230134,-0.134117,0.610653,0.225536
-0.903963,-0.727535,0.020588,0.776349,-0.917263,0.259022,-0.484968,0.216727,0.520000,1.244520,1.324158,0.986575,-1.091992,-0.246674,-0.139891,2.037275,-1.959806,-0.261800,0.253863,1.601428,1.400000,0.982619,1.189359,0.000374,0.050940,-0.235318,-0.129745,0.595413,0.233819
-0.851731,-0.766032,-0.015374,0.786616,-0.910757,0.263994,-0.475168,0.222042,0.520000,1.232416,1.265719,0.968854,-1.087397,-0.247974,-0.112940,2.060319,-1.962670,-0.261800,0.261800,1.574222,1.400000,0.960327,1.189981,0.015558,0.067037,-0.239191,-0.125635,0.582696,0.238723
-0.790444,-0.817076,-0.064689,0.795327,-0.900262,0.272414,-0.461324,0.233528,0.520000,1.217543,1.195816,0.957892,-1.078945,-0.260248,-0.079760,2.089180,-1.954120,-0.261800,0.261800,1.548673,1.400000,0.936619,1.191576,0.028908,0.085466,-0.246759,-0.118736,0.558380,0.242360
-0.735335,-0.859341,-0.108197,0.806170,-0.892950,0.278935,-0.448381,0.242192,0.520000,1.201540,1.131183,0.946490,-1.073978,-0.270158,-0.054356,2.119126,-1.944638,-0.261800,0.261800,1.524712,1.400000,0.912478,1.192598,0.042819,0.099407,-0.252890,-0.112723,0.539738,0.242361
-0.692583,-0.884045,-0.140089,0.821277,-0.892003,0.281659,-0.437236,0.245211,0.520000,1.183277,1.077087,0.934207,-1.075983,-0.275342,-0.044500,2.151245,-1.933295,-0.261800,0.261800,1.503924,1.400000,0.887469,1.192474,0.057853,0.104372,-0.256149,-0.108483,0.532447,0.235092
-0.635694,-0.906950,-0.182948,0.833815,-0.903597,0.288501,-0.420203,0.243512,0.520000,1.162867,0.984873,0.926967,-1.075391,-0.289003,-0.036598,2.184630,-1.916440,-0.261800,0.261800,1.489338,1.400000,0.863075,1.186370,0.075793,0.107265,-0.262787,-0.103455,0.520016,0.224380
-0.571737,-0.928954,-0.231290,0.845070,-0.921460,0.297401,-0.400227,0.239453,0.520000,1.141383,0.873599,0.922249,-1.073498,-0.306902,-0.029674,2.218647,-1.896831,-0.261800,0.261800,1.477854,1.400000,0.838988,1.177276,0.095185,0.109124,-0.271115,-0.098033,0.505017,0.211947
-0.509220,-0.936769,-0.281092,0.850882,-0.949572,0.297974,-0.383302,0.214100,0.520000,1.142049,0.717486,0.923226,-1.070001,-0.341296,-0.013962,2.238359,-1.875458,-0.261800,0.261800,1.476348,1.400000,0.803167,1.167546,0.122838,0.106708,-0.283979,-0.100285,0.505126,0.188213
-0.461542,-0.963513,-0.326264,0.854980,-0.969264,0.297608,-0.374472,0.201166,0.520000,1.145984,0.600573,0.926434,-1.067007,-0.364470,0.002954,2.251500,-1.857424,-0.261800,0.261800,1.474832,1.399987,0.766663,1.161710,0.144348,0.102455,-0.296682,-0.101176,0.505608,0.170702
-0.443541,-1.028113,-0.362178,0.855653,-0.972116,0.295362,-0.381834,0.213068,0.520000,1.156457,0.562059,0.934104,-1.065024,-0.365206,0.022279,2.251500,-1.846068,-0.261800,0.261800,1.473296,1.399948,0.728789,1.163663,0.153572,0.094525,-0.309064,-0.099346,0.506834,0.165632
-0.428779,-1.140565,-0.399097,0.854793,-0.958456,0.283800,-0.388657,0.252376,0.520000,1.183958,0.527423,0.951415,-1.059111,-0.381424,0.061198,2.251500,-1.819521,-0.261800,0.261800,1.475451,1.399062,0.683182,1.168075,0.162243,0.083079,-0.323625,-0.096293,0.507182,0.165751
-0.415636,-1.276943,-0.436517,0.853165,-0.936539,0.267580,-0.395210,0.305387,0.520000,1.219971,0.494726,0.973547,-1.051233,-0.405384,0.109915,2.251500,-1.785379,-0.261800,0.261800,1.479451,1.397753,0.633708,1.173717,0.170638,0.069875,-0.339275,-0.092628,0.507090,0.168464
-0.359101,-1.292915,-0.495179,0.837842,-0.931525,0.251545,-0.376222,0.303665,0.520000,1.217655,0.454490,0.987661,-1.049365,-0.423518,0.097942,2.251500,-1.769134,-0.261800,0.261800,1.489012,1.396988,0.602371,1.186133,0.179584,0.056954,-0.343662,-0.088791,0.505560,0.165499
-0.306504,-1.335847,-0.548801,0.821910,-0.916116,0.229991,-0.353939,0.311190,0.520000,1.227560,0.422109,1.007055,-1.045199,-0.444593,0.102814,2.251500,-1.743636,-0.261800,0.261800,1.500221,1.395512,0.565770,1.199212,0.189747,0.046829,-0.349329,-0.084214,0.506262,0.165840
-0.261782,-1.432699,-0.592344,0.804761,-0.879920,0.197404,-0.325066,0.337211,0.520000,1.261909,0.405438,1.037008,-1.036435,-0.471549,0.141375,2.251500,-1.699634,-0.261800,0.261800,1.514725,1.392612,0.518643,1.213615,0.202346,0.042295,-0.357560,-0.078159,0.511430,0.172793
-0.213474,-1.505262,-0.644153,0.782767,-0.839346,0.157139,-0.296983,0.354507,0.520000,1.282849,0.400402,1.068254,-1.027281,-0.492544,0.160067,2.251500,-1.652857,-0.261800,0.261800,1.535845,1.385944,0.478935,1.227448,0.213308,0.040993,-0.360936,-0.072191,0.517475,0.178993
-0.163373,-1.565681,-0.700096,0.758349,-0.796583,0.113035,-0.269294,0.367441,0.520000,1.297085,0.401182,1.100147,-1.017933,-0.510558,0.168826,2.251500,-1.604693,-0.261800,0.261800,1.560272,1.377393,0.442936,1.240996,0.223451,0.041307,-0.361885,-0.066268,0.523959,0.184817
-0.118559,-1.564201,-0.776245,0.748301,-0.779013,0.076268,-0.254470,0.360423,0.520000,1.275521,0.394970,1.125751,-1.006566,-0.516333,0.153975,2.251500,-1.578019,-0.261800,0.261800,1.581286,1.368559,0.427048,1.250749,0.230646,0.037732,-0.356481,-0.065321,0.523993,0.186652
-0.071230,-1.564559,-0.841733,0.739941,-0.752238,0.031763,-0.231019,0.345508,0.520000,1.264738,0.384368,1.144056,-0.993884,-0.523031,0.157106,2.251500,-1.541839,-0.261800,0.261800,1.598080,1.357393,0.408263,1.260426,0.236575,0.034372,-0.352056,-0.062596,0.523326,0.191089
-0.018871,-1.568591,-0.885899,0.734958,-0.707052,-0.028219,-0.190313,0.314800,0.520000,1.275518,0.364982,1.147764,-0.978571,-0.531577,0.196197,2.251500,-1.486647,-0.261800,0.261800,1.606435,1.341563,0.383686,1.269954,0.239973,0.031442,-0.349588,-0.056319,0.521254,0.200732
0.017872,-1.569947,-0.935687,0.727427,-0.667879,-0.082852,-0.158662,0.294975,0.520000,1.273991,0.343337,1.149000,-0.962596,-0.536323,0.233682,2.251500,-1.438691,-0.261800,0.261800,1.612639,1.320163,0.367513,1.280887,0.246161,0.027664,-0.343371,-0.050992,0.517547,0.207543
0.046807,-1.569967,-0.988288,0.718621,-0.631712,-0.134812,-0.131539,0.280591,0.520000,1.266310,0.320561,1.149000,-0.946290,-0.539170,0.270364,2.251500,-1.394353,-0.261800,0.261800,1.617768,1.295979,0.355541,1.292523,0.253744,0.023462,-0.335279,-0.046140,0.513023,0.212937
0.082833,-1.569987,-1.067470,0.712288,-0.610139,-0.199143,-0.092186,0.247418,0.520000,1.264662,0.293759,1.149000,-0.927426,-0.539190,0.306002,2.251500,-1.353944,-0.261800,0.261800,1.631869,1.258900,0.341407,1.302350,0.235277,0.032393,-0.337024,-0.044991,0.505374,0.221418
0.113150,-1.570000,-1.135472,0.701529,-0.576652,-0.261696,-0.060609,0.218766,0.520000,1.257187,0.273381,1.149000,-0.904141,-0.541601,0.342059,2.251500,-1.312262,-0.261800,0.261800,1.644752,1.226374,0.333805,1.312665,0.223444,0.033605,-0.336679,-0.043628,0.498090,0.229419
0.132052,-1.570000,-1.181115,0.681919,-0.519339,-0.320689,-0.044581,0.199159,0.520000,1.238061,0.265851,1.149000,-0.872013,-0.548791,0.378953,2.251500,-1.268034,-0.261800,0.261800,1.655196,1.202956,0.339269,1.323954,0.224881,0.019383,-0.332154,-0.041837,0.491538,0.236459
0.148918,-1.570000,-1.221455,0.672547,-0.472947,-0.371112,-0.028686,0.181226,0.520000,1.224543,0.256819,1.149000,-0.842077,-0.551619,0.408376,2.251500,-1.232559,-0.261800,0.261800,1.664238,1.178232,0.343363,1.333320,0.227575,0.006508,-0.328881,-0.040982,0.482126,0.241293
0.164766,-1.570000,-1.259143,0.668293,-0.432015,-0.417249,-0.012857,0.164131,0.520000,1.213830,0.247036,1.149000,-0.813238,-0.552266,0.434064,2.251500,-1.201460,-0.261800,0.261800,1.672580,1.152855,0.346770,1.341724,0.230897,-0.005692,-0.326235,-0.040595,0.471285,0.245023
0.193162,-1.570000,-1.289218,0.672241,-0.385347,-0.464372,0.006190,0.154295,0.520000,1.200107,0.243975,1.149000,-0.772098,-0.570419,0.478018,2.251500,-1.173598,-0.261800,0.261800,1.687563,1.140949,0.352250,1.348711,0.231898,-0.032748,-0.319996,-0.035733,0.462733,0.255035
0.216310,-1.570000,-1.318599,0.673646,-0.341884,-0.500628,0.023492,0.142383,0.520000,1.186898,0.243020,1.149000,-0.735039,-0.582763,0.510311,2.251500,-1.151678,-0.261800,0.261800,1.703960,1.128267,0.354903,1.355248,0.229456,-0.056454,-0.315767,-0.031641,0.452923,0.262705
0.228958,-1.570000,-1.346591,0.669964,-0.304831,-0.515148,0.037301,0.126316,0.520000,1.174718,0.246276,1.149000,-0.706139,-0.583490,0.519282,2.251500,-1.141642,-0.261800,0.261800,1.723184,1.114031,0.351904,1.360887,0.220126,-0.073458,-0.315561,-0.029089,0.440595,0.265690
0.255778,-1.570000,-1.367781,0.664503,-0.260435,-0.519993,0.063458,0.109674,0.519999,1.163663,0.265212,1.149000,-0.667965,-0.579571,0.522791,2.251500,-1.136782,-0.261800,0.261800,1.748345,1.098614,0.332523,1.369935,0.203897,-0.079252,-0.321802,-0.023822,0.422769,0.266009
0.289682,-1.570000,-1.385570,0.658153,-0.212369,-0.520000,0.095788,0.092743,0.519999,1.153171,0.291987,1.149000,-0.625155,-0.573328,0.523569,2.251500,-1.134512,-0.261800,0.261800,1.776473,1.082606,0.304952,1.380688,0.184218,-0.079440,-0.331266,-0.017198,0.402192,0.264994
0.279850,-1.570000,-1.429658,0.646216,-0.186393,-0.520000,0.084273,0.075479,0.519999,1.133566,0.323417,1.149000,-0.606030,-0.588060,0.509861,2.251500,-1.123722,-0.261800,0.261800,1.791422,1.080532,0.303270,1.375526,0.123373,-0.080104,-0.334920,-0.021932,0.373871,0.255700
0.278776,-1.570000,-1.464942,0.636403,-0.159751,-0.520000,0.079045,0.062361,0.520000,1.114236,0.363345,1.149000,-0.580615,-0.596178,0.489235,2.251500,-1.112473,-0.261800,0.261800,1.808966,1.078129,0.297466,1.370756,0.061114,-0.080849,-0.338596,-0.026792,0.340073,0.250000
0.295220,-1.570000,-1.482618,0.630842,-0.131777,-0.520000,0.086392,0.057531,0.520000,1.095454,0.420272,1.149000,-0.542618,-0.591071,0.454774,2.251500,-1.100303,-0.261800,0.261800,1.831699,1.075067,0.283418,1.366770,-0.003974,-0.081757,-0.342316,-0.031903,0.295321,0.251485
0.303534,-1.570000,-1.510112,0.614549,-0.109756,-0.520000,0.079522,0.055492,0.520000,1.065174,0.491643,1.149000,-0.512249,-0.603696,0.412793,2.251500,-1.079948,-0.261800,0.261800,1.842796,1.080214,0.278998,1.356146,-0.066611,-0.084754,-0.342577,-0.041935,0.245505,0.253180
0.307783,-1.570000,-1.542513,0.592891,-0.090713,-0.520000,0.065543,0.054847,0.520000,1.029146,0.570237,1.149000,-0.485694,-0.625187,0.367052,2.251500,-1.055501,-0.261800,0.261800,1.848074,1.089466,0.279391,1.342203,-0.128023,-0.088797,-0.341108,-0.054427,0.193156,0.254979
0.322817,-1.570000,-1.548394,0.582671,-0.062210,-0.520000,0.075077,0.047063,0.520000,1.011767,0.621169,1.149000,-0.449681,-0.624421,0.328995,2.251500,-1.033194,-0.261800,0.261800,1.862405,1.090360,0.269602,1.333782,-0.188088,-0.086626,-0.337516,-0.061584,0.146016,0.262199
0.337515,-1.570000,-1.553445,0.569259,-0.031049,-0.520000,0.081526,0.035935,0.520000,0.994736,0.674740,1.149000,-0.413280,-0.628207,0.287580,2.251500,-1.008270,-0.261800,0.261800,1.877195,1.091696,0.259595,1.325185,-0.242834,-0.084444,-0.333372,-0.068488,0.099184,0.269916
0.351540,-1.570000,-1.556834,0.549460,0.005429,-0.520000,0.081807,0.018119,0.520000,0.978400,0.733591,1.149000,-0.376101,-0.641096,0.239453,2.251500,-0.978113,-0.261800,0.261800,1.892903,1.093915,0.249152,1.316238,-0.286941,-0.082238,-0.328121,-0.074889,0.052969,0.278628
0.355445,-1.570000,-1.559803,0.534284,0.036355,-0.520000,0.087510,-0.005275,0.520000,0.967763,0.804779,1.149000,-0.346764,-0.654426,0.194268,2.251500,-0.942074,-0.261760,0.261800,1.898852,1.096791,0.238440,1.304597,-0.321533,-0.070258,-0.323001,-0.082037,0.006824,0.282850
0.354290,-1.570000,-1.562563,0.521419,0.064505,-0.520000,0.095926,-0.031457,0.520000,0.959976,0.882136,1.149000,-0.321346,-0.667978,0.150554,2.251500,-0.903096,-0.261700,0.261800,1.899923,1.099997,0.227594,1.291608,-0.351367,-0.053391,-0.317947,-0.089558,-0.039285,0.284826
0.350920,-1.570000,-1.563894,0.509863,0.080131,-0.520000,0.098726,-0.041772,0.520000,0.959949,0.926811,1.149000,-0.310007,-0.681034,0.115188,2.251500,-0.870715,-0.261327,0.261800,1.907938,1.112279,0.221537,1.280571,-0.382475,-0.042498,-0.310445,-0.093312,-0.069116,0.283021
0.344843,-1.557244,-1.564419,0.497013,0.091927,-0.520000,0.104459,-0.052726,0.520000,0.962153,0.964943,1.149000,-0.303302,-0.696426,0.080168,2.251500,-0.836649,-0.257582,0.261800,1.914491,1.128807,0.213254,1.269442,-0.408396,-0.027706,-0.304623,-0.097104,-0.098715,0.279372
0.333353,-1.518974,-1.563332,0.481573,0.096064,-0.520000,0.116058,-0.064959,0.520000,0.968817,0.989990,1.149000,-0.305864,-0.716493,0.045840,2.251500,-0.799211,-0.247093,0.261800,1.918117,1.153828,0.200522,1.258130,-0.423944,-0.005120,-0.302160,-0.100975,-0.127851,0.272034
0.324316,-1.480130,-1.562302,0.466214,0.099717,-0.520000,0.120170,-0.069818,0.520000,0.976681,1.001363,1.149000,-0.312266,-0.732062,0.018134,2.251500,-0.766539,-0.234029,0.261800,1.925458,1.180239,0.193492,1.251876,-0.439566,0.012304,-0.300867,-0.103033,-0.143176,0.266937
0.316505,-1.440998,-1.561301,0.450897,0.103128,-0.520000,0.120540,-0.070990,0.520000,0.985144,1.005898,1.149000,-0.320587,-0.745383,-0.006262,2.251500,-0.736251,-0.219677,0.261800,1.934658,1.207345,0.189314,1.248149,-0.455224,0.027146,-0.300160,-0.104185,-0.151595,0.262961
0.301166,-1.378846,-1.558075,0.435147,0.104083,-0.520000,0.126161,-0.071796,0.520000,1.005079,1.022694,1.149000,-0.333366,-0.759438,-0.027366,2.251500,-0.702869,-0.199586,0.261800,1.943645,1.238918,0.179223,1.240424,-0.452813,0.042976,-0.313699,-0.111121,-0.148198,0.258615
0.286734,-1.317437,-1.554071,0.420200,0.105479,-0.520000,0.129135,-0.074134,0.520000,1.024878,1.044743,1.149000,-0.345963,-0.774717,-0.043472,2.251500,-0.672487,-0.180173,0.261800,1.950629,1.272887,0.166842,1.231704,-0.443435,0.054476,-0.327942,-0.118707,-0.145288,0.255504
0.274115,-1.257510,-1.548511,0.406861,0.107760,-0.520000,0.126817,-0.079536,0.520000,1.044406,1.077303,1.149000,-0.358195,-0.792445,-0.049583,2.251500,-0.648103,-0.162111,0.261800,1.953605,1.311648,0.149881,1.220992,-0.420124,0.057316,-0.343593,-0.127592,-0.143353,0.254866
0.263205,-1.203590,-1.544011,0.399112,0.100614,-0.520000,0.127793,-0.080106,0.517394,1.061027,1.095975,1.149000,-0.373494,-0.804317,-0.068740,2.251500,-0.628244,-0.147988,0.261800,1.955812,1.346156,0.140891,1.213114,-0.394360,0.057642,-0.356924,-0.135955,-0.134370,0.256046
0.253148,-1.152673,-1.540039,0.394158,0.088755,-0.520000,0.130416,-0.078261,0.513485,1.076194,1.107704,1.149000,-0.390326,-0.813262,-0.094422,2.251500,-0.610646,-0.135835,0.261800,1.957633,1.378538,0.135887,1.206652,-0.367371,0.056712,-0.369096,-0.144056,-0.121862,0.258135
0.241599,-1.060999,-1.530881,0.390470,0.072874,-0.520000,0.135074,-0.073681,0.508496,1.086411,1.125461,1.149000,-0.409335,-0.821408,-0.120987,2.251500,-0.594268,-0.121519,0.261800,1.949320,1.391415,0.122490,1.188727,-0.293813,0.031329,-0.382198,-0.151700,-0.119042,0.277981
0.228959,-0.981444,-1.514360,0.393446,0.054894,-0.518491,0.140127,-0.071524,0.502673,1.100479,1.141765,1.149000,-0.419568,-0.829206,-0.147246,2.251500,-0.578718,-0.111753,0.261800,1.940098,1.400000,0.110005,1.174517,-0.237741,0.011273,-0.392532,-0.158247,-0.116614,0.292686
0.214140,-0.926125,-1.483115,0.409751,0.032717,-0.513966,0.145972,-0.074212,0.495184,1.122246,1.155161,1.149000,-0.412251,-0.836308,-0.172890,2.251500,-0.564823,-0.111084,0.261800,1.929060,1.400000,0.099343,1.167736,-0.216642,0.001868,-0.397333,-0.162601,-0.114969,0.297110
0.200751,-0.842932,-1.455109,0.417044,0.009922,-0.506503,0.147358,-0.078694,0.489361,1.126455,1.147833,1.149000,-0.422893,-0.838459,-0.182059,2.251500,-0.550042,-0.104951,0.261800,1.913462,1.400000,0.090856,1.156189,-0.153863,-0.015201,-0.402883,-0.166603,-0.108518,0.316168
0.188078,-0.745803,-1.428722,0.419830,-0.013183,-0.497573,0.146514,-0.084073,0.484370,1.121887,1.130143,1.149000,-0.442516,-0.838133,-0.182988,2.251500,-0.534818,-0.096086,0.261800,1.895583,1.400000,0.083457,1.142258,-0.070244,-0.036101,-0.408806,-0.170429,-0.099665,0.342543
0.168635,-0.666287,-1.390725,0.441364,-0.043484,-0.460228,0.151195,-0.101685,0.478896,1.121597,1.108946,1.149000,-0.453923,-0.837020,-0.185221,2.251500,-0.545838,-0.096855,0.261800,1.885825,1.400000,0.084309,1.134468,-0.019656,-0.030019,-0.405863,-0.169443,-0.089276,0.365537
0.150600,-0.594442,-1.357318,0.461169,-0.071475,-0.424567,0.153476,-0.117743,0.469107,1.122052,1.086926,1.149000,-0.462990,-0.835091,-0.189824,2.251500,-0.559920,-0.099015,0.261800,1.877262,1.400000,0.085880,1.127869,0.022995,-0.022127,-0.403445,-0.167906,-0.076880,0.384732
0.135382,-0.537938,-1.333088,0.477517,-0.094845,-0.392275,0.150957,-0.130692,0.450686,1.123995,1.063260,1.149000,-0.467379,-0.831531,-0.199169,2.251500,-0.580125,-0.103957,0.261800,1.871089,1.400000,0.088889,1.123652,0.049770,-0.010616,-0.402079,-0.165269,-0.060469,0.396329
0.113536,-0.479245,-1.309652,0.495674,-0.111036,-0.350588,0.141152,-0.148185,0.425898,1.126407,1.034255,1.149000,-0.469922,-0.821309,-0.199926,2.251500,-0.611178,-0.109982,0.261800,1.859753,1.400000,0.094974,1.114814,0.072617,0.001106,-0.399863,-0.164153,-0.045906,0.411530
0.088375,-0.419458,-1.286613,0.514736,-0.123639,-0.304204,0.127703,-0.167950,0.397926,1.129054,1.002580,1.149000,-0.471542,-0.807756,-0.196391,2.251500,-0.647655,-0.116550,0.261800,1.845836,1.400000,0.102596,1.103665,0.093499,0.012934,-0.397223,-0.163797,-0.032265,0.428534
0.065706,-0.383779,-1.265343,0.534736,-0.131759,-0.272128,0.118634,-0.189707,0.367667,1.138143,0.979841,1.149000,-0.467861,-0.799929,-0.209591,2.251500,-0.675298,-0.122225,0.261800,1.832310,1.400000,0.104089,1.106603,0.103807,0.021017,-0.397939,-0.159929,-0.017421,0.429099
0.041957,-0.347497,-1.243590,0.553893,-0.135025,-0.239497,0.107038,-0.211771,0.336307,1.148727,0.955989,1.149000,-0.464274,-0.789434,-0.225514,2.251500,-0.704474,-0.126774,0.261800,1.817045,1.400000,0.106928,1.110933,0.113138,0.027781,-0.396876,-0.156386,-0.004471,0.430093
0.016048,-0.310011,-1.220869,0.571365,-0.128582,-0.205754,0.090386,-0.234451,0.302744,1.162299,0.929914,1.149000,-0.460875,-0.773606,-0.246885,2.251500,-0.736715,-0.129073,0.261800,1.798303,1.400000,0.112461,1.118047,0.120513,0.031904,-0.392257,-0.153495,0.004688,0.431946
-0.003932,-0.275020,-1.190864,0.589074,-0.133565,-0.177751,0.082212,-0.268254,0.271169,1.177941,0.906503,1.149000,-0.459293,-0.756354,-0.289805,2.251500,-0.770001,-0.129276,0.261800,1.783335,1.400000,0.119814,1.126123,0.130659,0.030562,-0.385389,-0.148242,0.019321,0.432862
-0.020947,-0.241276,-1.157217,0.606902,-0.144261,-0.152618,0.078277,-0.307619,0.240589,1.194618,0.884424,1.149000,-0.458620,-0.738390,-0.343499,2.251500,-0.803810,-0.128431,0.261800,1.770255,1.400000,0.128077,1.134681,0.142189,0.026487,-0.377399,-0.141809,0.036690,0.433310
-0.033456,-0.219502,-1.136221,0.619480,-0.146918,-0.133608,0.070941,-0.336224,0.216825,1.205701,0.870919,1.149000,-0.463971,-0.728095,-0.363068,2.251500,-0.827841,-0.129338,0.261423,1.758302,1.397547,0.134036,1.145395,0.154370,0.025256,-0.373878,-0.138836,0.052816,0.429211
-0.044281,-0.199584,-1.111281,0.632473,-0.147898,-0.118332,0.064932,-0.363629,0.193282,1.216785,0.860327,1.149000,-0.470613,-0.715842,-0.384277,2.251500,-0.850345,-0.129584,0.258578,1.747912,1.392456,0.142059,1.158006,0.165737,0.021944,-0.368517,-0.134922,0.071618,0.423143
-0.051737,-0.183378,-1.078455,0.646300,-0.145526,-0.110525,0.061574,-0.388635,0.170181,1.227873,0.855558,1.149000,-0.479839,-0.699676,-0.408766,2.251500,-0.869797,-0.128506,0.250800,1.740646,1.382088,0.154211,1.174413,0.175475,0.014472,-0.359477,-0.129126,0.095770,0.413137
-0.057898,-0.170488,-1.044353,0.659102,-0.143578,-0.103864,0.058019,-0.411451,0.150761,1.238309,0.854332,1.149000,-0.490173,-0.686252,-0.430759,2.251500,-0.885434,-0.126837,0.239210,1.734616,1.366120,0.162014,1.190660,0.185731,0.005530,-0.351205,-0.125165,0.121695,0.399634
-0.063412,-0.159254,-1.009613,0.671393,-0.141843,-0.097777,0.054366,-0.433172,0.133182,1.248419,0.854877,1.149000,-0.501063,-0.674199,-0.451505,2.251500,-0.899164,-0.124874,0.225715,1.729205,1.347353,0.167641,1.206829,0.196245,-0.004147,-0.343317,-0.122122,0.148506,0.384382
-0.067775,-0.151778,-0.982529,0.679806,-0.142514,-0.091073,0.046306,-0.451273,0.121918,1.257189,0.864752,1.149000,-0.513539,-0.670188,-0.463024,2.251500,-0.908414,-0.123578,0.215382,1.724066,1.325393,0.167844,1.219350,0.210164,-0.009445,-0.339972,-0.121771,0.171981,0.366727
-0.071259,-0.144411,-0.953083,0.687213,-0.144375,-0.085651,0.037982,-0.469234,0.110780,1.267183,0.878278,1.149000,-0.527521,-0.667967,-0.474037,2.251500,-0.918395,-0.121619,0.205304,1.718833,1.304262,0.168382,1.232959,0.225416,-0.015408,-0.334672,-0.120558,0.195766,0.350883
-0.072984,-0.137261,-0.918914,0.692606,-0.148615,-0.082795,0.029127,-0.486916,0.099896,1.279621,0.899104,1.149000,-0.544514,-0.669327,-0.484035,2.251500,-0.929838,-0.118332,0.195734,1.713411,1.284788,0.169591,1.248745,0.243338,-0.022703,-0.325462,-0.117623,0.220172,0.338664
-0.074033,-0.133643,-0.887729,0.694541,-0.153598,-0.082166,0.018499,-0.497765,0.094489,1.290618,0.922937,1.149000,-0.563421,-0.672165,-0.491188,2.251500,-0.935259,-0.115016,0.187137,1.709177,1.262484,0.169773,1.263823,0.255976,-0.026264,-0.318562,-0.116089,0.243928,0.323496
-0.074743,-0.131791,-0.858036,0.694746,-0.158953,-0.082651,0.006984,-0.505196,0.091819,1.300895,0.948273,1.149000,-0.583284,-0.675741,-0.496918,2.251500,-0.937668,-0.111685,0.179027,1.705537,1.238765,0.169442,1.278548,0.265972,-0.027959,-0.312817,-0.115256,0.267359,0.306853
-0.075066,-0.131775,-0.834853,0.686814,-0.164062,-0.090628,-0.008420,-0.507532,0.092816,1.308120,0.974604,1.149000,-0.605546,-0.683384,-0.499750,2.251500,-0.931939,-0.109017,0.172364,1.703246,1.207704,0.164444,1.291421,0.270408,-0.025314,-0.310561,-0.117410,0.289294,0.280121
-0.075236,-0.131985,-0.812703,0.678509,-0.168272,-0.098544,-0.023360,-0.509054,0.093984,1.315010,0.998872,1.149000,-0.626995,-0.688913,-0.502726,2.251500,-0.925847,-0.106300,0.165950,1.701678,1.178954,0.160081,1.302482,0.273555,-0.022716,-0.308527,-0.119598,0.310132,0.254914
-0.075097,-0.132646,-0.792618,0.669457,-0.170683,-0.106336,-0.037370,-0.508951,0.095492,1.321229,1.019017,1.149000,-0.646817,-0.690215,-0.505992,2.251500,-0.919029,-0.103485,0.160031,1.701558,1.154827,0.156988,1.309920,0.274121,-0.020216,-0.306938,-0.121857,0.328775,0.232757
-0.074489,-0.134893,-0.774574,0.659434,-0.172165,-0.113839,-0.050368,-0.507402,0.097657,1.326749,1.035751,1.149000,-0.664838,-0.689783,-0.509555,2.251500,-0.911187,-0.100626,0.154672,1.702339,1.134719,0.154658,1.315689,0.273977,-0.017877,-0.305568,-0.124189,0.345400,0.213661
-0.073647,-0.137932,-0.757550,0.648926,-0.173182,-0.121199,-0.062861,-0.505130,0.100150,1.331920,1.050779,1.149000,-0.681959,-0.688484,-0.513266,2.251500,-0.902832,-0.097745,0.149594,1.703572,1.116620,0.152709,1.320623,0.273477,-0.015619,-0.304307,-0.126557,0.361016,0.196096
-0.073213,-0.139528,-0.741770,0.638562,-0.174318,-0.128858,-0.073618,-0.502839,0.102539,1.337166,1.063784,1.149000,-0.697971,-0.687118,-0.516801,2.251500,-0.893937,-0.094583,0.144481,1.704689,1.100676,0.151997,1.322384,0.272724,-0.013229,-0.303677,-0.128663,0.374382,0.179710
-0.072966,-0.140604,-0.726327,0.628484,-0.175631,-0.136632,-0.083763,-0.500729,0.104781,1.342532,1.076296,1.149000,-0.713633,-0.685833,-0.520219,2.251500,-0.884970,-0.091269,0.139294,1.705669,1.085261,0.151712,1.323492,0.271468,-0.010769,-0.303179,-0.130637,0.387063,0.163604
-0.073093,-0.140642,-0.711558,0.618981,-0.177297,-0.144637,-0.092683,-0.498981,0.106725,1.348135,1.087823,1.149000,-0.728597,-0.684709,-0.523401,2.251500,-0.875861,-0.087652,0.133956,1.706378,1.070904,0.152282,1.323290,0.269206,-0.008170,-0.302946,-0.132346,0.398372,0.148057
-0.073331,-0.140669,-0.698067,0.610116,-0.179077,-0.152449,-0.100483,-0.497383,0.108484,1.353561,1.098018,1.149000,-0.742307,-0.683649,-0.526321,2.251500,-0.866906,-0.083976,0.128825,1.706984,1.058101,0.153304,1.322769,0.266000,-0.005597,-0.302771,-0.133851,0.408273,0.133792
-0.073626,-0.140690,-0.685216,0.601571,-0.180915,-0.160164,-0.107722,-0.495861,0.110151,1.358898,1.107547,1.149000,-0.755391,-0.682622,-0.529108,2.251500,-0.858028,-0.080269,0.123797,1.707538,1.046074,0.154553,1.322087,0.262323,-0.003037,-0.302624,-0.135254,0.417468,0.120167
-0.073976,-0.140701,-0.674777,0.594493,-0.182574,-0.166781,-0.113317,-0.494624,0.111492,1.363450,1.115020,1.149000,-0.766051,-0.681765,-0.531381,2.251500,-0.850375,-0.077007,0.119531,1.707953,1.036551,0.155956,1.321052,0.258692,-0.000819,-0.302547,-0.136348,0.424584,0.109051
-0.074315,-0.140709,-0.665258,0.588019,-0.184107,-0.172862,-0.118371,-0.493496,0.112712,1.367632,1.121791,1.149000,-0.775777,-0.680979,-0.533455,2.251500,-0.843337,-0.073999,0.115616,1.708326,1.027905,0.157296,1.320000,0.255320,0.001221,-0.302486,-0.137338,0.431015,0.098906
-0.074632,-0.140712,-0.657578,0.582753,-0.185389,-0.177874,-0.122347,-0.492586,0.113693,1.371071,1.127160,1.149000,-0.783634,-0.680337,-0.535132,2.251500,-0.837528,-0.071502,0.112401,1.708613,1.021014,0.158507,1.318914,0.252465,0.002908,-0.302456,-0.138121,0.436078,0.090705
-0.074881,-0.140714,-0.651889,0.578839,-0.186350,-0.181616,-0.125257,-0.491912,0.114418,1.373637,1.131106,1.149000,-0.789458,-0.679860,-0.536374,2.251500,-0.833188,-0.069633,0.110003,1.708820,1.015938,0.159447,1.318010,0.250331,0.004169,-0.302441,-0.138696,0.439786,0.084626
-0.075098,-0.140715,-0.647195,0.575600,-0.187150,-0.184724,-0.127635,-0.491355,0.115015,1.375767,1.134340,1.149000,-0.794265,-0.679465,-0.537400,2.251500,-0.829582,-0.068078,0.108014,1.708989,1.011769,0.160251,1.317198,0.248557,0.005217,-0.302433,-0.139166,0.442815,0.079606
-0.075175,-0.140715,-0.645617,0.574508,-0.187421,-0.185775,-0.128426,-0.491168,0.115215,1.376488,1.135420,1.149000,-0.795882,-0.679331,-0.537746,2.251500,-0.828362,-0.067551,0.107342,1.709044,1.010373,0.160531,1.316898,0.247960,0.005572,-0.302433,-0.139323,0.443824,0.077917
-0.075226,-0.140715,-0.644565,0.573780,-0.187601,-0.186476,-0.128953,-0.491044,0.115349,1.376968,1.136141,1.149000,-0.796960,-0.679242,-0.537976,2.251500,-0.827548,-0.067200,0.106894,1.709081,1.009443,0.160717,1.316698,0.247562,0.005808,-0.302433,-0.139428,0.444496,0.076791
-0.075226,-0.140715,-0.644565,0.573780,-0.187601,-0.186476,-0.128953,-0.491044,0.115349,1.376968,1.136141,1.149000,-0.796960,-0.679242,-0.537976,2.251500,-0.827548,-0.067200,0.106894,1.709081,1.009443,0.160717,1.316698,0.247562,0.005808,-0.302433,-0.139428,0.444496,0.076791
-0.075226,-0.140715,-0.644565,0.573780,-0.187601,-0.186476,-0.128953,-0.491044,0.115349,1.376968,1.136141,1.149000,-0.796960,-0.679242,-0.537976,2.251500,-0.827548,-0.067200,0.106894,1.709081,1.009443,0.160717,1.316698,0.247562,0.005808,-0.302433,-0.139428,0.444496,0.076791
-0.075226,-0.140715,-0.644565,0.573780,-0.187601,-0.186476,-0.128953,-0.491044,0.115349,1.376968,1.136141,1.149000,-0.796960,-0.679242,-0.537976,2.251500,-0.827548,-0.067200,0.106894,1.709081,1.009443,0.160717,1.316698,0.247562,0.005808,-0.302433,-0.139428,0.444496,0.076791
-0.075226,-0.140715,-0.644565,0.573780,-0.187601,-0.186476,-0.128953,-0.491044,0.115349,1.376968,1.136141,1.149000,-0.796960,-0.679242,-0.537976,2.251500,-0.827548,-0.067200,0.106894,1.709081,1.009443,0.160717,1.316698,0.247562,0.005808,-0.302433,-0.139428,0.444496,0.076791
-0.075226,-0.140715,-0.644565,0.573780,-0.187601,-0.186476,-0.128953,-0.491044,0.115349,1.376968,1.136141,1.149000,-0.796960,-0.679242,-0.537976,2.251500,-0.827548,-0.067200,0.106894,1.709081,1.009443,0.160717,1.316698,0.247562,0.005808,-0.302433,-0.139428,0.444496,0.076791
-0.075226,-0.140715,-0.644565,0.573780,-0.187601,-0.186476,-0.128953,-0.491044,0.115349,1.376968,1.136141,1.149000,-0.796960,-0.679242,-0.537976,2.251500,-0.827548,-0.067200,0.106894,1.709081,1.009443,0.160717,1.316698,0.247562,0.005808,-0.302433,-0.139428,0.444496,0.076791
-0.075226,-0.140715,-0.644565,0.573780,-0.187601,-0.186476,-0.128953,-0.491044,0.115349,1.376968,1.136141,1.149000,-0.796960,-0.679242,-0.537976,2.251500,-0.827548,-0.067200,0.106894,1.709081,1.009443,0.160717,1.316698,0.247562,0.005808,-0.302433,-0.139428,0.444496,0.076791
-0.075226,-0.140715,-0.644565,0.573780,-0.187601,-0.186476,-0.128953,-0.491044,0.115349,1.376968,1.136141,1.149000,-0.796960,-0.679242,-0.537976,2.251500,-0.827548,-0.067200,0.106894,1.709081,1.009443,0.160717,1.316698,0.247562,0.005808,-0.302433,-0.139428,0.444496,0.076791
-0.075226,-0.140715,-0.644565,0.573780,-0.187601,-0.186476,-0.128953,-0.491044,0.115349,1.376968,1.136141,1.149000,-0.796960,-0.679242,-0.537976,2.251500,-0.827548,-0.067200,0.106894,1.709081,1.009443,0.160717,1.316698,0.247562,0.005808,-0.302433,-0.139428,0.444496,0.076791
-0.075226,-0.140715,-0.644565,0.573780,-0.187601,-0.186476,-0.128953,-0.491044,0.115349,1.376968,1.136141,1.149000,-0.796960,-0.679242,-0.537976,2.251500,-0.827548,-0.067200,0.106894,1.709081,1.009443,0.160717,1.316698,0.247562,0.005808,-0.302433,-0.139428,0.444496,0.076791
-0.075226,-0.140715,-0.644565,0.573780,-0.187601,-0.186476,-0.128953,-0.491044,0.115349,1.376968,1.136141,1.149000,-0.796960,-0.679242,-0.537976,2.251500,-0.827548,-0.067200,0.106894,1.709081,1.009443,0.160717,1.316698,0.247562,0.005808,-0.302433,-0.139428,0.444496,0.076791
-0.075226,-0.140715,-0.644565,0.573780,-0.187601,-0.186476,-0.128953,-0.491044,0.115349,1.376968,1.136141,1.149000,-0.796960,-0.679242,-0.537976,2.251500,-0.827548,-0.067200,0.106894,1.709081,1.009443,0.160717,1.316698,0.247562,0.005808,-0.302433,-0.139428,0.444496,0.076791
-0.075226,-0.140715,-0.644565,0.573780,-0.187601,-0.186476,-0.128953,-0.491044,0.115349,1.376968,1.136141,1.149000,-0.796960,-0.679242,-0.537976,2.251500,-0.827548,-0.067200,0.106894,1.709081,1.009443,0.160717,1.316698,0.247562,0.005808,-0.302433,-0.139428,0.444496,0.076791
-0.075226,-0.140715,-0.644565,0.573780,-0.187601,-0.186476,-0.128953,-0.491044,0.115349,1.376968,1.136141,1.149000,-0.796960,-0.679242,-0.537976,2.251500,-0.827548,-0.067200,0.106894,1.709081,1.009443,0.160717,1.316698,0.247562,0.005808,-0.302433,-0.139428,0.444496,0.076791
-0.075226,-0.140715,-0.644565,0.573780,-0.187601,-0.186476,-0.128953,-0.491044,0.115349,1.376968,1.136141,1.149000,-0.796960,-0.679242,-0.537976,2.251500,-0.827548,-0.067200,0.106894,1.709081,1.009443,0.160717,1.316698,0.247562,0.005808,-0.302433,-0.139428,0.444496,0.076791
-0.075226,-0.140715,-0.644565,0.573780,-0.187601,-0.186476,-0.128953,-0.491044,0.115349,1.376968,1.136141,1.149000,-0.796960,-0.679242,-0.537976,2.251500,-0.827548,-0.067200,0.106894,1.709081,1.009443,0.160717,1.316698,0.247562,0.005808,-0.302433,-0.139428,0.444496,0.076791
-0.075226,-0.140715,-0.644565,0.573780,-0.187601,-0.186476,-0.128953,-0.491044,0.115349,1.376968,1.136141,1.149000,-0.796960,-0.679242,-0.537976,2.251500,-0.827548,-0.067200,0.106894,1.709081,1.009443,0.160717,1.316698,0.247562,0.005808,-0.302433,-0.139428,0.444496,0.076791
-0.075226,-0.140715,-0.644565,0.573780,-0.187601,-0.186476,-0.128953,-0.491044,0.115349,1.376968,1.136141,1.149000,-0.796960,-0.679242,-0.537976,2.251500,-0.827548,-0.067200,0.106894,1.709081,1.009443,0.160717,1.316698,0.247562,0.005808,-0.302433,-0.139428,0.444496,0.076791
-0.075226,-0.140715,-0.644565,0.573780,-0.187601,-0.186476,-0.128953,-0.491044,0.115349,1.376968,1.136141,1.149000,-0.796960,-0.679242,-0.537976,2.251500,-0.827548,-0.067200,0.106894,1.709081,1.009443,0.160717,1.316698,0.247562,0.005808,-0.302433,-0.139428,0.444496,0.076791
-0.075226,-0.140715,-0.644565,0.573780,-0.187601,-0.186476,-0.128953,-0.491044,0.115349,1.376968,1.136141,1.149000,-0.796960,-0.679242,-0.537976,2.251500,-0.827548,-0.067200,0.106894,1.709081,1.009443,0.160717,1.316698,0.247562,0.005808,-0.302433,-0.139428,0.444496,0.076791
-0.075226,-0.140715,-0.644565,0.573780,-0.187601,-0.186476,-0.128953,-0.491044,0.115349,1.376968,1.136141,1.149000,-0.796960,-0.679242,-0.537976,2.251500,-0.827548,-0.067200,0.106894,1.709081,1.009443,0.160717,1.316698,0.247562,0.005808,-0.302433,-0.139428,0.444496,0.076791
-0.075226,-0.140715,-0.644565,0.573780,-0.187601,-0.186476,-0.128953,-0.491044,0.115349,1.376968,1.136141,1.149000,-0.796960,-0.679242,-0.537976,2.251500,-0.827548,-0.067200,0.106894,1.709081,1.009443,0.160717,1.316698,0.247562,0.005808,-0.302433,-0.139428,0.444496,0.076791
-0.075226,-0.140715,-0.644565,0.573780,-0.187601,-0.186476,-0.128953,-0.491044,0.115349,1.376968,1.136141,1.149000,-0.796960,-0.679242,-0.537976,2.251500,-0.827548,-0.067200,0.106894,1.709081,1.009443,0.160717,1.316698,0.247562,0.005808,-0.302433,-0.139428,0.444496,0.076791
-0.075226,-0.140715,-0.644565,0.573780,-0.187601,-0.186476,-0.128953,-0.491044,0.115349,1.376968,1.136141,1.149000,-0.796960,-0.679242,-0.537976,2.251500,-0.827548,-0.067200,0.106894,1.709081,1.009443,0.160717,1.316698,0.247562,0.005808,-0.302433,-0.139428,0.444496,0.076791
-0.075226,-0.140715,-0.644565,0.573780,-0.187601,-0.186476,-0.128953,-0.491044,0.115349,1.376968,1.136141,1.149000,-0.796960,-0.679242,-0.537976,2.251500,-0.827548,-0.067200,0.106894,1.709081,1.009443,0.160717,1.316698,0.247562,0.005808,-0.302433,-0.139428,0.444496,0.076791
-0.075226,-0.140715,-0.644565,0.573780,-0.187601,-0.186476,-0.128953,-0.491044,0.115349,1.376968,1.136141,1.149000,-0.796960,-0.679242,-0.537976,2.251500,-0.827548,-0.067200,0.106894,1.709081,1.009443,0.160717,1.316698,0.247562,0.005808,-0.302433,-0.139428,0.444496,0.076791
-0.075226,-0.140715,-0.644565,0.573780,-0.187601,-0.186476,-0.128953,-0.491044,0.115349,1.376968,1.136141,1.149000,-0.796960,-0.679242,-0.537976,2.251500,-0.827548,-0.067200,0.106894,1.709081,1.009443,0.160717,1.316698,0.247562,0.005808,-0.302433,-0.139428,0.444496,0.076791
-0.075226,-0.140715,-0.644565,0.573780,-0.187601,-0.186476,-0.128953,-0.491044,0.115349,1.376968,1.136141,1.149000,-0.796960,-0.679242,-0.537976,2.251500,-0.827548,-0.067200,0.106894,1.709081,1.009443,0.160717,1.316698,0.247562,0.005808,-0.302433,-0.139428,0.444496,0.076791
-0.075226,-0.140715,-0.644565,0.573780,-0.187601,-0.186476,-0.128953,-0.491044,0.115349,1.376968,1.136141,1.149000,-0.796960,-0.679242,-0.537976,2.251500,-0.827548,-0.067200,0.106894,1.709081,1.009443,0.160717,1.316698,0.247562,0.005808,-0.302433,-0.139428,0.444496,0.076791
-0.075226,-0.140715,-0.644565,0.573780,-0.187601,-0.186476,-0.128953,-0.491044,0.115349,1.376968,1.136141,1.149000,-0.796960,-0.679242,-0.537976,2.251500,-0.827548,-0.067200,0.106894,1.709081,1.009443,0.160717,1.316698,0.247562,0.005808,-0.302433,-0.139428,0.444496,0.076791
-0.075226,-0.140715,-0.644565,0.573780,-0.187601,-0.186476,-0.128953,-0.491044,0.115349,1.376968,1.136141,1.149000,-0.796960,-0.679242,-0.537976,2.251500,-0.827548,-0.067200,0.106894,1.709081,1.009443,0.160717,1.316698,0.247562,0.005808,-0.302433,-0.139428,0.444496,0.076791
-0.075226,-0.140715,-0.644565,0.573780,-0.187601,-0.186476,-0.128953,-0.491044,0.115349,1.376968,1.136141,1.149000,-0.796960,-0.679242,-0.537976,2.251500,-0.827548,-0.067200,0.106894,1.709081,1.009443,0.160717,1.316698,0.247562,0.005808,-0.302433,-0.139428,0.444496,0.076791
-0.075226,-0.140715,-0.644565,0.573780,-0.187601,-0.186476,-0.128953,-0.491044,0.115349,1.376968,1.136141,1.149000,-0.796960,-0.679242,-0.537976,2.251500,-0.827548,-0.067200,0.106894,1.709081,1.009443,0.160717,1.316698,0.247562,0.005808,-0.302433,-0.139428,0.444496,0.076791
-0.075226,-0.140715,-0.644565,0.573780,-0.187601,-0.186476,-0.128953,-0.491044,0.115349,1.376968,1.136141,1.149000,-0.796960,-0.679242,-0.537976,2.251500,-0.827548,-0.067200,0.106894,1.709081,1.009443,0.160717,1.316698,0.247562,0.005808,-0.302433,-0.139428,0.444496,0.076791
-0.075226,-0.140715,-0.644565,0.573780,-0.187601,-0.186476,-0.128953,-0.491044,0.115349,1.376968,1.136141,1.149000,-0.796960,-0.679242,-0.537976,2.251500,-0.827548,-0.067200,0.106894,1.709081,1.009443,0.160717,1.316698,0.247562,0.005808,-0.302433,-0.139428,0.444496,0.076791
-0.075226,-0.140715,-0.644565,0.573780,-0.187601,-0.186476,-0.128953,-0.491044,0.115349,1.376968,1.136141,1.149000,-0.796960,-0.679242,-0.537976,2.251500,-0.827548,-0.067200,0.106894,1.709081,1.009443,0.160717,1.316698,0.247562,0.005808,-0.302433,-0.139428,0.444496,0.076791
-0.075226,-0.140715,-0.644565,0.573780,-0.187601,-0.186476,-0.128953,-0.491044,0.115349,1.376968,1.136141,1.149000,-0.796960,-0.679242,-0.537976,2.251500,-0.827548,-0.067200,0.106894,1.709081,1.009443,0.160717,1.316698,0.247562,0.005808,-0.302433,-0.139428,0.444496,0.076791
-0.075226,-0.140715,-0.644565,0.573780,-0.187601,-0.186476,-0.128953,-0.491044,0.115349,1.376968,1.136141,1.149000,-0.796960,-0.679242,-0.537976,2.251500,-0.827548,-0.067200,0.106894,1.709081,1.009443,0.160717,1.316698,0.247562,0.005808,-0.302433,-0.139428,0.444496,0.076791
-0.075226,-0.140715,-0.644565,0.573780,-0.187601,-0.186476,-0.128953,-0.491044,0.115349,1.376968,1.136141,1.149000,-0.796960,-0.679242,-0.537976,2.251500,-0.827548,-0.067200,0.106894,1.709081,1.009443,0.160717,1.316698,0.247562,0.005808,-0.302433,-0.139428,0.444496,0.076791
